100080,Savannah,Lynch,(814) 605-2716,massa@sit.ca
100048,Hilda,Booker,(419) 147-4871,sit.amet@FuscefeugiatLorem.ca
100042,Addison,Williams,(467) 632-7203,ultrices.posuere.cubilia@necanteMaecenas.com
100077,Burton,Hewitt,(524) 521-0921,morbi.tristique.senectus@nec.edu
100084,Marsden,Stanley,(955) 305-6851,sed.turpis@eratvolutpat.com
100018,Luke,Stein,(901) 626-7431,ut.nisi.a@PhasellusornareFusce.co.uk
100069,Rigel,Richardson,(145) 979-4616,massa.Mauris.vestibulum@Duisrisusodio.ca
100039,Rachel,Sims,(696) 853-5152,pharetra@quamelementumat.edu
100036,Amir,Callahan,(185) 477-0452,Etiam@torquentperconubia.ca
100082,Ciara,Soto,(240) 967-2890,a.magna@vestibulumMaurismagna.net
100076,Mollie,Waters,(273) 941-3300,amet@malesuadautsem.net
100030,Blair,Carey,(554) 499-9409,et@mauris.com
100093,Phelan,Garner,(289) 711-2557,enim.nec.tempus@euenim.org
100066,Wallace,Townsend,(473) 657-7711,erat@estvitaesodales.edu
100100,Roary,Frank,(518) 800-4345,lorem.semper.auctor@iaculisenimsit.net
100047,Neil,Underwood,(387) 853-3141,egestas@ac.net
100020,Dennis,Bryant,(789) 529-6538,consectetuer.euismod@disparturient.edu
100006,Daquan,Dotson,(429) 536-5975,neque@sitametmetus.org
100009,Simone,Holden,(615) 955-8460,lobortis.nisi@fringillacursus.net
100015,Ulla,Hays,(369) 873-1095,lorem.tristique.aliquet@variuseteuismod.edu
100003,Alfreda,Anderson,(453) 385-6040,sit.amet@atfringillapurus.edu
100074,Cheyenne,Hardin,(248) 138-8906,faucibus.orci.luctus@lorem.edu
100057,Baxter,Medina,(890) 789-0208,nec.ligula.consectetuer@montesnascetur.com
100050,Demetrius,Peterson,(865) 709-4146,orci.consectetuer.euismod@Maurisut.ca
100051,Connor,Whitley,(929) 931-4504,Fusce.aliquet@Aliquam.org
100008,Amena,Woodard,(360) 247-5237,natoque.penatibus@Vestibulumanteipsum.net
100065,Eugenia,Wells,(743) 585-0388,sem.vitae@laoreet.net
100017,Damian,Singleton,(249) 479-2496,Nam@magna.com
100021,Phyllis,Wright,(669) 663-9438,Phasellus@Uttinciduntvehicula.edu
100043,Georgia,Park,(974) 889-3314,eget@parturientmontes.co.uk
100059,Fatima,Holloway,(485) 140-1853,interdum.ligula@vestibulumloremsit.com
100010,Dorothy,Hanson,(240) 659-6177,tincidunt.dui@netuset.co.uk
100085,Chase,Dunn,(350) 466-3763,posuere@mi.ca
100004,Gretchen,Turner,(829) 588-0955,Sed.diam@variusultricesmauris.ca
100023,Quemby,Guy,(299) 405-5374,rutrum@nequepellentesquemassa.edu
100019,Jenna,Reeves,(137) 823-3717,tellus.sem@Maecenas.co.uk
100086,Myles,Stuart,(533) 931-4662,Nulla@pede.co.uk
100096,Cain,Brown,(718) 541-9470,facilisis@Maecenas.edu
100068,Adrian,Farrell,(193) 308-4867,ligula.Aenean.euismod@loremfringilla.ca
100041,Linus,Parks,(874) 745-4998,velit.egestas.lacinia@pedeCras.com
100067,Jelani,Ellis,(169) 875-6118,dis.parturient.montes@nasceturridiculusmus.org
100026,Malachi,Roth,(398) 778-0501,faucibus@Vivamusnonlorem.ca
100073,Jasper,Lowery,(818) 174-1604,in.aliquet.lobortis@Crasdictumultricies.com
100081,Cameron,George,(795) 168-4635,In.condimentum@Vestibulum.org
100045,Conan,Fowler,(607) 869-7455,vitae@lacus.ca
100049,Nina,Townsend,(955) 301-0801,sit.amet@natoquepenatibus.com
100014,Howard,Ramsey,(129) 754-9372,turpis.egestas@faucibusorci.co.uk
100034,Bianca,Sheppard,(557) 560-5249,mattis.ornare.lectus@Morbinequetellus.net
100013,Carson,Farley,(247) 666-9379,euismod@lobortisquama.ca
100091,Quentin,Stuart,(788) 258-3530,magna.Cras@pretiumet.net
100044,Gavin,Knight,(265) 401-9925,nec.tellus@nuncnulla.edu
100079,Ariel,Vaughn,(856) 384-1389,metus.In.lorem@consectetuermauris.org
100099,Heather,Newman,(809) 918-0213,orci.lacus.vestibulum@sapiencursusin.net
100098,Gillian,Simon,(324) 826-0930,magna@Donec.net
100075,Roth,Mcgee,(718) 125-4223,Sed.eget@vel.co.uk
100022,Gannon,Burnett,(268) 304-7132,auctor.non.feugiat@ullamcorpervelit.ca
100002,Jeremy,Barnes,(323) 780-6294,Donec.tempor.est@loremsitamet.ca
100097,Wing,Lowery,(382) 928-4668,dui.augue.eu@tellusNunclectus.net
100053,Oren,Ingram,(932) 326-9570,massa.Suspendisse@molestie.net
100063,Shafira,Cameron,(903) 257-8883,non.quam.Pellentesque@Integerid.com
100037,Rana,Murphy,(364) 302-7012,pede.blandit.congue@at.org
100027,Zephania,Cash,(517) 271-6865,dapibus.rutrum@Maecenasmalesuadafringilla.edu
100033,Jasper,Jennings,(959) 535-4392,dignissim.magna@duiCraspellentesque.org
100094,Odette,Sullivan,(254) 123-6400,magna.Lorem.ipsum@utodiovel.ca
100024,Kalia,Dunlap,(321) 974-3021,mauris.sit.amet@orci.net
100083,Amaya,Trevino,(321) 306-5037,est.tempor.bibendum@egestasnuncsed.com
100064,Melissa,Lowery,(872) 626-2304,urna@eros.net
100016,Stephen,Patrick,(707) 966-5264,urna@orciquislectus.co.uk
100092,Leonard,Pate,(972) 795-4115,purus.ac@tristique.edu
100095,Camilla,Holmes,(904) 430-7086,Nulla@Proin.edu
100088,Price,Ferrell,(394) 629-8694,sit.amet@facilisisSuspendisse.ca
100060,Ulric,Stephenson,(423) 101-8000,libero.at.auctor@tristiquepellentesque.com
100087,Adam,Pruitt,(524) 230-2495,bibendum@Proinnonmassa.edu
100052,Destiny,Herring,(945) 926-7288,lobortis.tellus.justo@tellus.edu
100038,Lareina,Gilliam,(942) 193-9870,aliquet.metus@eratvolutpat.org
100029,Astra,Becker,(159) 990-5422,eu@sodalespurus.ca
100054,Raya,Ellis,(829) 684-9416,orci@arcuvelquam.com
100012,Alfonso,Spencer,(873) 252-2181,conubia@a.com
100078,Rhiannon,Sparks,(963) 452-3670,hendrerit@mauris.edu
100058,Anne,Blevins,(692) 643-6656,arcu.Sed.eu@massaVestibulum.com
100035,Cadman,Gentry,(242) 590-1672,diam.Duis@blanditmattisCras.net
100072,Neville,Dawson,(849) 786-5616,faucibus@arcu.edu
100071,Naida,Case,(890) 139-8015,Nam.porttitor.scelerisque@accumsan.edu
100001,Wilma,Potter,(489) 793-7179,commodo@nonhendrerit.net
100061,Abel,Ferrell,(437) 658-3588,eget.lacus.Mauris@quama.ca
100040,Logan,Lawrence,(360) 260-0556,eu.sem@justoProin.com
100011,Tad,Cole,(463) 239-5899,vitae.diam@a.com
100007,Norman,Wallace,(810) 255-9709,in.magna.Phasellus@bibendumullamcorper.ca
100056,Dieter,Lucas,(991) 404-0439,posuere.cubilia.Curae@egestasAliquam.co.uk
100032,Ebony,Patterson,(490) 861-7672,mauris.sit.amet@anteVivamus.ca
100089,Callie,Price,(761) 758-0460,vitae.sodales@sagittis.com
100090,Fay,Richard,(832) 522-7681,ornare.libero@sapien.edu
100005,Leo,Gillespie,(453) 218-8278,arcu@sociosquadlitora.org
100062,Dane,Fischer,(195) 671-3850,Vivamus.euismod.urna@ullamcorpereu.ca
100028,Cassady,Glenn,(571) 861-0500,eget@odioNam.org
100055,Callie,Holder,(450) 401-3925,placerat@noncursusnon.org
100070,Wing,Morrison,(936) 667-8910,libero.et@Maurisnondui.com
100025,Claudia,Cochran,(972) 233-3446,commodo.ipsum@metus.net
100031,Nolan,Livingston,(220) 603-6740,facilisis.vitae.orci@Namtempordiam.org
100046,Rylee,Warner,(559) 852-2367,molestie.tortor@idsapienCras.com
