100663,Yardley,Sandoval,(512) 560-4108,et@elementumlorem.org
100359,Hamilton,Wilder,(951) 636-1948,blandit.mattis@sedestNunc.com
100849,Ferdinand,Sosa,(397) 190-1572,arcu.iaculis@diamloremauctor.edu
100226,Emerson,Vincent,(263) 611-7825,mi@sitametconsectetuer.co.uk
100379,Cara,Wilder,(553) 347-1566,Suspendisse.ac.metus@Innec.edu
100523,Michael,Warner,(202) 648-2686,dolor@tinciduntnequevitae.com
100809,Montana,Boyle,(751) 736-2322,fringilla@ametdapibus.org
100627,Luke,Sutton,(607) 133-1253,erat.eget.tincidunt@at.net
100585,Alvin,Moreno,(247) 781-8871,cursus.non.egestas@laciniaorci.ca
100594,Joan,Johns,(540) 389-9428,vitae.purus@eliteratvitae.edu
100096,Raven,Sparks,(206) 443-6121,lorem.tristique.aliquet@Nullamlobortis.ca
100893,Jena,Parsons,(208) 495-8879,sagittis.Duis@Vestibulum.org
100676,Asher,Carter,(521) 615-7831,Donec.fringilla@Phasellusdolor.org
100938,Ila,Salinas,(815) 510-3031,ac.ipsum@interdumNunc.net
100091,Harding,Pierce,(915) 735-7142,Ut.semper.pretium@cubilia.co.uk
100338,Genevieve,Decker,(581) 212-0265,Cras.dolor@ametdapibus.edu
100182,Yetta,Jordan,(856) 133-5187,aliquam.adipiscing@iaculisodioNam.ca
100252,Unity,Gregory,(924) 395-7756,diam.Proin@penatibuset.edu
100758,Constance,Klein,(117) 873-6157,Etiam@vestibulumMauris.com
100061,Fulton,Buck,(353) 869-6554,interdum.ligula@magnanecquam.co.uk
100390,Michelle,Roberts,(594) 826-9824,et@egetmetuseu.net
100424,Emily,Stevenson,(863) 985-1694,purus.accumsan@loremsitamet.com
100604,Yuri,Schultz,(528) 759-7382,libero@CurabiturdictumPhasellus.net
100954,Fletcher,Banks,(566) 388-2654,purus@dictumsapienAenean.net
100325,Thaddeus,Ellison,(486) 263-9311,tempor.est@ultricesVivamus.com
100496,Brittany,Travis,(440) 169-3393,sit@maurisblanditmattis.edu
100736,Myles,Mathis,(345) 276-1798,nulla.ante@Nuncsed.edu
100425,Michelle,Barrett,(762) 728-9320,In@nisimagnased.org
100863,Isadora,Santiago,(978) 667-9039,ridiculus.mus@ornare.ca
100867,Kylan,Powers,(301) 335-6119,lectus.pede@faucibusidlibero.org
100940,Cadman,Richards,(351) 719-9338,diam.Proin.dolor@facilisi.ca
100637,Levi,Morris,(856) 439-8373,in.tempus@Nullamvitaediam.net
100279,Reece,Fulton,(601) 799-7291,ornare@ornare.org
100125,Eleanor,Thornton,(939) 376-0786,est.Nunc@sedhendrerita.net
100053,Lacey,Woodard,(498) 140-8418,nulla.Integer.vulputate@mifringillami.edu
100375,Kaye,Ware,(844) 412-9405,orci@sit.edu
100179,Jolie,Payne,(213) 808-1934,lacus.varius@tristique.org
100307,Asher,Kennedy,(580) 186-1732,Nulla.interdum.Curabitur@ante.net
100683,Sopoline,Welch,(994) 498-4560,enim.nec.tempus@luctusfelis.edu
100469,Brianna,Carney,(350) 376-3105,enim.Sed.nulla@consectetuerrhoncus.edu
100489,Shea,Gonzales,(479) 638-7630,sagittis.semper@Suspendisseseddolor.ca
100597,Ruth,Meadows,(204) 483-9144,cursus.diam.at@sit.co.uk
100486,Emily,Gray,(834) 829-2254,mauris.elit.dictum@egestasAliquamnec.co.uk
100117,Denton,Villarreal,(179) 890-8538,lorem@Nuncsedorci.com
100218,Ethan,Mccarty,(534) 848-5412,bibendum@rutrum.co.uk
100467,Nash,Wade,(520) 695-1799,rhoncus@SuspendisseeleifendCras.ca
100240,Conan,Ellis,(247) 339-3304,facilisis.magna.tellus@nequepellentesque.com
100514,Cara,Stafford,(925) 305-6383,aliquet.magna.a@aliquetsem.com
100268,Hayfa,Ray,(335) 224-8322,montes@dignissimtempor.net
100656,Clare,Coffey,(504) 484-1969,dapibus.rutrum@velitdui.edu
100829,Sigourney,Huff,(948) 945-5440,adipiscing@Curabiturvel.edu
100561,Ramona,Riddle,(750) 251-3929,dolor@quam.org
100699,Colt,Carpenter,(525) 622-0687,sit.amet@Donecelementumlorem.co.uk
100309,Kristen,Kramer,(471) 274-9952,leo@velitSedmalesuada.net
100202,Cairo,Turner,(157) 258-3436,dictum.Phasellus.in@pretium.ca
100378,Baxter,Acevedo,(987) 692-4732,nibh.vulputate.mauris@tristique.com
100896,Keely,Campbell,(954) 968-0085,arcu@conguea.org
100625,Martha,Hahn,(994) 911-5893,sem@venenatis.co.uk
100441,Alden,Wooten,(975) 318-7024,eget.magna@nequetellusimperdiet.co.uk
100707,Farrah,Maynard,(105) 645-0794,Donec.non.justo@accumsan.com
100719,Ocean,Gill,(459) 183-2775,Duis.ac.arcu@liberoDonec.edu
100135,Neil,Mcclure,(485) 664-7152,nec.luctus.felis@eueuismodac.net
100453,Paul,Chang,(914) 948-7643,tincidunt.nunc@auctor.ca
100652,Arthur,England,(463) 614-3833,aliquam.iaculis@Vestibulumanteipsum.net
100784,Stone,Serrano,(347) 928-7981,nulla.Donec.non@sagittis.com
100315,Tanya,Tanner,(727) 701-7045,convallis@loremluctus.co.uk
100956,Ila,Anderson,(132) 894-4697,fames.ac.turpis@sitametrisus.com
100854,Brenna,Adkins,(338) 566-0311,elit.sed@risusa.co.uk
100475,Jordan,Myers,(522) 758-8212,sodales.elit@quisdiamPellentesque.co.uk
100755,Branden,Sanders,(943) 298-7390,semper.rutrum.Fusce@eu.com
100416,Lev,Thomas,(974) 875-4709,sodales.at@loremtristique.net
100831,Mallory,Sheppard,(195) 623-0953,tristique.pharetra@quam.org
100260,Nichole,Melendez,(556) 950-5494,tristique@non.co.uk
100474,Axel,Brady,(254) 133-4553,blandit.at.nisi@Etiamligula.org
100723,Skyler,Goff,(838) 156-7665,sagittis.placerat@acorci.org
100802,Deborah,Mcdaniel,(337) 576-3532,Praesent@pellentesquemassalobortis.edu
100159,Regina,Mcdonald,(990) 851-5339,Nunc@arcu.com
100751,Iola,Witt,(893) 381-6220,ac.risus@Nunclectuspede.net
100535,Rinah,Trujillo,(961) 596-6608,mi@egestasa.com
100446,Devin,Barrett,(860) 636-6762,in@blanditenimconsequat.edu
100355,Thor,Little,(623) 394-6072,mi.eleifend@urna.org
100805,Regina,Perez,(625) 352-4133,Cras@Cum.co.uk
100223,Anne,Schmidt,(937) 970-9642,per.inceptos@musProinvel.org
100576,Lani,Hunt,(865) 950-8001,pharetra.Quisque.ac@mus.ca
100525,Christopher,Sullivan,(124) 379-1309,nisl@sodales.net
100923,Jacqueline,Walton,(514) 446-4889,mollis.Integer@rutrumeuultrices.net
100038,Inez,Carey,(487) 275-3781,amet@pharetraut.com
100282,Allen,Raymond,(335) 406-4032,luctus.aliquet@condimentumDonecat.edu
100553,Devin,David,(801) 385-4246,aliquet@orcilacusvestibulum.co.uk
100094,Larissa,Abbott,(917) 368-1444,risus@nonjustoProin.ca
100351,Yoko,Baxter,(143) 635-1449,justo@placerat.org
100870,Buckminster,Wright,(867) 787-3276,Proin@quamCurabiturvel.org
100334,Brenda,Patel,(676) 280-4430,parturient.montes.nascetur@Nullamvitaediam.co.uk
100392,Hop,Walls,(760) 365-1037,feugiat.metus.sit@sedpede.co.uk
100246,Basil,Chan,(974) 478-5128,molestie@nibhlacinia.net
100214,Derek,West,(438) 152-5121,dictum@orciUtsemper.net
100897,Magee,Villarreal,(505) 933-8673,mauris@sodalesnisi.com
100381,Vincent,Holman,(460) 619-7168,elit@vitae.com
100393,Cole,Miranda,(499) 812-7791,in.faucibus.orci@Quisque.ca
100786,Brandon,Mcclure,(783) 818-2294,mus@Donecfelis.ca
100820,Dylan,Harding,(659) 105-9514,dapibus.ligula.Aliquam@nequevitae.org
100273,Jelani,Melendez,(943) 711-4973,velit@Donec.com
100480,Dylan,Martinez,(988) 383-4233,non.enim@miAliquamgravida.net
100128,Perry,French,(643) 618-5719,faucibus.leo@imperdiet.com
100203,Ivory,Keith,(702) 967-1159,magna.Phasellus.dolor@dui.net
100063,Xanthus,Roth,(912) 178-4420,eu.accumsan@loremeu.co.uk
100958,Aileen,Foley,(732) 593-7666,ante.ipsum@venenatis.net
100587,Kai,Calhoun,(727) 323-3811,bibendum@egestas.org
100583,Dustin,Huffman,(384) 771-6245,hendrerit.consectetuer@sitamet.edu
100468,Magee,Snow,(476) 770-7894,Proin.eget.odio@Proinnonmassa.com
100708,Shea,Mathis,(560) 896-6425,semper.cursus.Integer@arcuAliquamultrices.co.uk
100229,Zoe,Sandoval,(197) 555-0194,interdum.ligula@montesnascetur.ca
100078,Ciara,Pollard,(637) 511-9211,Cum.sociis.natoque@lectusNullam.ca
100737,Declan,Dennis,(643) 567-1349,Cras@aliquamenim.edu
100993,Sonya,Nieves,(406) 834-4111,feugiat.Sed@estmollisnon.org
100681,Paki,Acosta,(447) 546-9561,vestibulum@inconsequat.ca
100682,Gary,Santana,(104) 146-6018,magnis.dis@Etiam.edu
100070,Kelly,Vaughn,(149) 795-7518,orci@ac.org
100444,Harriet,Mcleod,(313) 912-8870,nibh.sit@ametconsectetueradipiscing.org
100815,Darryl,Clark,(847) 569-1349,at.fringilla.purus@Namacnulla.ca
100380,Keith,Leach,(354) 193-5718,magna.Lorem@nullaante.ca
100957,Ferris,Larsen,(138) 695-3732,porttitor.vulputate.posuere@utpharetrased.org
100928,Ulla,Ward,(591) 167-7829,cursus.diam.at@enim.com
100373,Erich,Burton,(767) 715-6932,Integer@Cras.net
100983,Riley,Hanson,(180) 842-4080,lobortis@pede.co.uk
100422,Kirk,Strickland,(400) 901-1738,Suspendisse.sed.dolor@ultrices.ca
100225,Prescott,Gilmore,(953) 558-8896,sit.amet@nec.net
100734,Macy,Nielsen,(868) 448-9705,Proin.dolor@elementumpurus.ca
100143,Reece,Pruitt,(746) 830-9956,augue@sitametfaucibus.org
100579,Petra,Merrill,(947) 714-2063,auctor.vitae.aliquet@mauriseu.net
100533,Charles,Mosley,(864) 660-4120,pretium@vitaeorci.edu
100287,Keelie,Dickson,(560) 396-3711,Fusce.mi.lorem@gravidaPraesenteu.co.uk
100970,Natalie,Sears,(675) 351-8757,Etiam.bibendum.fermentum@lobortisrisus.edu
100508,Wendy,Santos,(586) 944-1558,et.tristique.pellentesque@urnaconvallis.edu
100818,Cody,Joyce,(145) 264-1271,interdum.libero@risusIn.net
100231,Alden,Sloan,(182) 331-4491,leo.in.lobortis@InloremDonec.net
100640,Abraham,Brennan,(113) 131-9918,Donec@ullamcorper.co.uk
100327,Ralph,Holder,(564) 609-7142,Donec.tincidunt@risusDonecegestas.co.uk
100743,Jerome,Hahn,(465) 600-8018,sit.amet@accumsansedfacilisis.net
100235,Tanner,Daniels,(867) 502-0768,velit@lacinia.com
100573,Inga,Dillard,(347) 301-0771,porttitor.vulputate@miDuis.edu
100371,Anne,Levy,(588) 277-7420,dolor.elit@telluslorem.ca
100995,Charity,Hines,(207) 910-3591,vehicula.et.rutrum@Nam.net
100394,Tara,Pittman,(814) 690-1540,ullamcorper.Duis.at@Fusce.co.uk
100022,Amos,Brennan,(910) 904-8655,ligula.consectetuer.rhoncus@tellus.ca
100044,Henry,Robbins,(528) 159-4042,ut@fringilla.ca
100329,Zeus,Zimmerman,(285) 640-5043,felis.adipiscing@erateget.net
100824,Clio,Sherman,(959) 222-8674,Curae.Donec.tincidunt@ultriciesdignissim.co.uk
100613,Zachery,Burgess,(762) 431-0133,sem@ultriciesadipiscing.co.uk
100628,Dean,Nicholson,(492) 958-5035,non@nec.edu
100852,Evelyn,Case,(270) 726-6423,convallis@ipsumprimis.co.uk
100051,Bevis,Shaffer,(125) 489-8482,tortor.dictum@metuseuerat.net
100102,Thaddeus,Bean,(596) 434-0195,urna.convallis.erat@ametdapibus.com
100765,Sade,Solis,(329) 103-3252,sodales.at@posuerecubiliaCurae.co.uk
100811,Judith,Bond,(204) 277-9841,sodales.at.velit@mollislectus.edu
100157,Porter,Knight,(629) 957-0911,pharetra.sed.hendrerit@dis.co.uk
100332,Emerald,Tillman,(411) 522-7046,Cras@nislQuisque.edu
100675,Drew,Weeks,(347) 961-4223,consectetuer.cursus.et@laciniaorci.edu
100129,Lacy,Flowers,(401) 203-8242,eros@etultricesposuere.ca
100648,Tobias,Berry,(255) 399-9148,leo.Vivamus.nibh@lacusMauris.net
100999,Hedy,Willis,(216) 910-3910,vel.est.tempor@felis.net
100882,Regina,Mcintyre,(959) 630-9910,magna.Duis.dignissim@pedeCumsociis.co.uk
100155,Maya,Haney,(337) 174-9151,pellentesque@sitametdiam.org
100058,Desiree,Horn,(711) 257-7135,sit.amet@Inmi.com
100215,Tobias,Schneider,(484) 365-4466,eget@commodohendrerit.edu
100185,Lesley,Melton,(937) 914-3867,ad.litora@risusDonec.ca
100664,Julie,Hudson,(466) 852-7532,elit@eutelluseu.com
100689,Roanna,Stein,(645) 528-5273,scelerisque.sed@posuerecubilia.edu
100232,Ali,Green,(371) 791-9368,lectus.convallis@blanditmattis.edu
100603,Joelle,Conrad,(717) 885-5939,id@bibendum.co.uk
100298,Denise,Pace,(836) 862-6871,vitae@cursuset.co.uk
100169,Maggie,Robles,(111) 707-0837,purus.ac.tellus@anteipsumprimis.ca
100122,Jackson,Reese,(347) 709-0313,hendrerit.a.arcu@Sedneque.com
100126,Kevin,Duncan,(186) 225-9437,aliquet.Proin@nislNulla.edu
100994,Randall,Lowe,(988) 469-7217,netus.et@augueeu.edu
100150,Stacy,Wallace,(815) 785-1854,nisi.Mauris@antedictum.org
100702,Bradley,Bray,(783) 301-7297,nec@odiovel.ca
100927,Clementine,Scott,(602) 248-4946,ipsum.Phasellus@mauris.net
100543,Macey,Holloway,(745) 263-3406,facilisis.facilisis@Cras.co.uk
100566,Mark,Cortez,(669) 889-3426,non.lobortis@adipiscingfringilla.co.uk
100657,Ross,Mercado,(407) 791-6166,Donec.at@pede.edu
100066,Raphael,Diaz,(399) 769-1653,diam@etlacinia.net
100853,Britanney,Heath,(354) 144-4427,tellus@hendreritaarcu.co.uk
100224,Rogan,Booker,(951) 572-1206,ipsum.sodales.purus@semsemper.ca
100638,Brenda,Drake,(519) 984-9721,egestas.hendrerit.neque@maurisrhoncusid.com
100077,Samson,Odom,(617) 521-5741,eleifend@euturpis.com
100120,Violet,Riley,(708) 694-9016,risus@Aliquamfringilla.co.uk
100239,Hunter,Shannon,(202) 469-0164,ipsum@rhoncus.net
100499,Theodore,Johns,(505) 226-4642,ornare.Fusce@dapibusligulaAliquam.edu
100712,Priscilla,Kerr,(421) 104-7277,purus@Donec.org
100759,Herman,Justice,(608) 545-9962,suscipit.est.ac@DonecnibhQuisque.net
100857,Jayme,Dominguez,(760) 756-4491,rutrum.lorem.ac@velvulputateeu.com
100057,Jayme,Norman,(365) 962-1479,neque@leo.org
100645,Shellie,Hensley,(135) 463-1473,sit.amet@utmi.ca
100962,TaShya,Franklin,(699) 225-6303,amet.ultricies@Suspendissesagittis.com
100691,Irene,Webb,(310) 333-0481,metus.In@Aeneaneuismod.com
100190,Alexander,Mcguire,(705) 823-6661,sem@sit.com
100254,Tate,Bradshaw,(286) 443-3210,Pellentesque@amet.net
100780,Thane,Gould,(798) 776-8159,orci.tincidunt.adipiscing@ligulaAeneangravida.org
100072,Charlotte,Best,(141) 818-6038,enim.consequat@tinciduntvehicula.net
100407,Karina,Booth,(269) 672-4872,lectus.quis.massa@Pellentesqueultriciesdignissim.edu
100421,Regan,Ayers,(353) 786-9577,lorem.semper.auctor@egestasAliquamfringilla.com
100114,Rinah,Lindsey,(558) 867-9132,quam@laoreetliberoet.org
100903,Xaviera,Madden,(172) 824-0102,scelerisque.scelerisque@dictum.org
100810,Brennan,Drake,(189) 497-7687,Integer.in.magna@ipsumCurabiturconsequat.com
100216,Inez,Jordan,(760) 618-5732,lobortis.quis@ultricies.ca
100608,Arden,Mckinney,(511) 365-4088,cursus.Nunc@laciniaatiaculis.org
100046,Sarah,Reese,(599) 872-0624,id.risus.quis@nulla.com
100791,Nayda,Estes,(909) 902-0278,consectetuer.cursus@tortor.net
100813,Zenia,Ball,(527) 351-7877,Donec.nibh@id.ca
100498,Brendan,Porter,(703) 330-7004,sapien.Cras@posuere.edu
100537,Christian,Baird,(143) 191-0182,faucibus@sitametnulla.net
100513,Castor,Fernandez,(708) 768-4628,pharetra.felis@variusorci.co.uk
100404,Maggy,Garza,(835) 716-5805,Nulla@risusDonec.org
100413,Chaney,Donovan,(696) 137-1817,Integer@fringillacursus.net
100544,Dean,Flores,(970) 930-5171,quam.quis.diam@Mauris.com
100015,Jael,Martinez,(364) 712-1503,Nunc@dolordapibusgravida.com
100506,Adria,Luna,(169) 492-2266,pede@Integerurna.org
100459,Ria,Cannon,(995) 124-5318,magna.a@posuerevulputate.edu
100194,Jonas,Mason,(646) 815-7321,penatibus@ornarelectusjusto.net
100241,Shelley,Sawyer,(699) 941-8426,quis.turpis.vitae@commodohendrerit.net
100584,Joy,Hunt,(190) 775-0992,lacus.Mauris@pedeSuspendisse.org
100003,Tyrone,Cline,(893) 251-2549,Nulla.tincidunt@laoreetlectus.net
100312,Brynne,Hammond,(514) 321-8298,eget.massa.Suspendisse@id.net
100121,Barclay,Hunter,(589) 331-8405,augue.scelerisque@nisl.org
100172,Ocean,Gross,(625) 740-7248,dictum.placerat@Quisquenonummyipsum.org
100641,Driscoll,Hendricks,(637) 289-8724,quis.pede@dolor.net
100391,Dominic,Barrera,(860) 675-6793,In@purusaccumsan.ca
100503,Mari,Fuller,(667) 247-7482,ac@lacusNullatincidunt.net
100363,Keely,Hansen,(947) 191-7587,Maecenas@urnaVivamusmolestie.net
100779,Taylor,Daniels,(539) 213-3461,massa.Integer.vitae@malesuadavel.net
100448,Evan,Munoz,(267) 324-4613,fringilla@sedorci.ca
100997,Dieter,Watts,(972) 543-5026,Etiam.ligula.tortor@ante.ca
100633,Jescie,Bowen,(989) 145-4007,Curae.Donec@Praesenteu.edu
100251,Eliana,Donovan,(856) 571-5022,pharetra@Aliquamnisl.co.uk
100744,Ursula,Pena,(257) 426-9632,dignissim@nequepellentesque.ca
100821,Forrest,Murphy,(414) 978-8271,neque@euenimEtiam.com
100620,Kane,Wilkinson,(836) 625-6318,orci.sem@Aeneansedpede.edu
101000,Kenyon,Newton,(934) 916-4709,viverra@egestasFuscealiquet.net
100953,Angelica,Bradshaw,(687) 770-6103,eu@facilisis.ca
100670,Nicole,Howard,(580) 936-0002,mus@ametconsectetueradipiscing.org
100452,Brady,Macias,(751) 794-3236,non.sollicitudin.a@interdumfeugiatSed.edu
100991,Guy,Fleming,(556) 327-6989,et.commodo@Duis.org
100783,Ulric,Goodwin,(696) 573-7727,fames.ac.turpis@viverraDonec.ca
100980,Lavinia,Howard,(490) 670-0514,eget.volutpat@mitempor.co.uk
100236,Cassidy,Carrillo,(104) 830-3690,gravida.nunc@vel.org
100859,Sarah,Rosales,(296) 263-5720,Donec.consectetuer@Etiamvestibulummassa.net
100296,Lucas,Dickerson,(589) 341-5827,diam@sagittisfelis.co.uk
100528,Phillip,Mason,(955) 990-6110,malesuada@nisl.edu
100137,Emmanuel,Richard,(330) 640-6828,Sed@adipiscingelitEtiam.org
100455,Orlando,Macias,(823) 597-5698,consectetuer@at.net
100344,Florence,Mitchell,(693) 716-6427,Aliquam@lorem.ca
100541,Garth,Rhodes,(776) 750-6002,libero@Morbimetus.net
100442,Bruce,Dickerson,(118) 353-0947,cursus.vestibulum@tinciduntneque.com
100323,Wanda,Norris,(114) 684-5910,pharetra.felis.eget@sedpedeCum.com
100062,Athena,Trevino,(237) 844-7439,justo.faucibus.lectus@dolor.com
100481,Illiana,Peters,(663) 252-1239,malesuada@leoMorbineque.co.uk
100911,Leandra,Bass,(649) 290-8683,interdum@nibh.com
100899,Ora,Wells,(321) 453-3343,purus.sapien.gravida@ipsumSuspendissenon.ca
100935,Charlotte,Hoover,(638) 367-4542,magna@Donec.ca
100521,Dominic,Acosta,(929) 469-7925,dolor@a.co.uk
100844,Nora,Grimes,(373) 910-8073,sit@sitamet.ca
100607,Christopher,Preston,(407) 909-1801,Proin.nisl.sem@habitantmorbitristique.edu
100825,McKenzie,Mccarty,(216) 129-7829,eu.neque@Duis.org
100331,Oscar,Barnes,(301) 177-3293,facilisis.eget.ipsum@nequesed.co.uk
100858,William,Preston,(302) 506-3378,ut.quam@placerateget.org
100774,Emmanuel,Shepard,(716) 104-2368,Nunc.sollicitudin@nuncullamcorper.net
100985,Sylvester,Calderon,(975) 240-7298,tempor@variuseteuismod.co.uk
100799,Wyatt,Maddox,(749) 171-1191,Donec.at@eratvolutpatNulla.edu
100554,August,Joyner,(517) 902-3920,scelerisque@Suspendissetristique.net
100358,Wallace,Ramsey,(908) 258-6894,arcu.iaculis.enim@Nuncut.co.uk
100798,Baker,Buck,(616) 359-3587,Sed.nulla@semper.ca
100213,Yetta,Haynes,(538) 322-1980,odio@cursusdiam.org
100473,Prescott,Lopez,(711) 440-6702,vel.quam.dignissim@mattisCraseget.com
100555,Sonia,Yang,(982) 467-7183,netus@anequeNullam.com
100532,Zelenia,Mcfarland,(423) 283-1980,sapien.Cras@pede.ca
100249,Katelyn,Booth,(316) 505-5038,ornare@inceptos.net
100196,Arsenio,Pruitt,(549) 561-5692,consectetuer@id.ca
100874,Martha,Suarez,(763) 986-1003,auctor.Mauris@Sed.edu
100986,Ray,Owen,(559) 326-7466,Nulla.tempor@NulladignissimMaecenas.org
100636,Zahir,Franks,(722) 250-8869,mattis@fringillaporttitorvulputate.net
100919,Indira,Massey,(916) 347-9832,lorem.ut@gravidasit.edu
100184,Keith,Huffman,(321) 811-5521,dui.nec.tempus@porttitorscelerisqueneque.com
100972,Alexis,Roy,(404) 407-4331,aliquet@liberoat.edu
100913,Igor,Reynolds,(611) 129-6978,lectus.pede.ultrices@orci.ca
100276,Carlos,Page,(265) 648-6288,tempor@Donecsollicitudin.ca
100426,Maryam,Bray,(602) 369-5380,nulla.In.tincidunt@consequatenim.co.uk
100042,Keiko,Buck,(531) 430-4687,sit@risusDuis.net
100314,Madaline,Richard,(628) 124-6816,Nulla.aliquet.Proin@inaliquet.ca
100766,Merritt,Morin,(729) 133-4177,semper.pretium@euerosNam.com
100650,Zahir,Ray,(523) 661-0862,nec.ligula.consectetuer@Curabiturconsequat.co.uk
100297,Jameson,Castro,(690) 295-5906,non@euismodest.net
100153,Vladimir,Bartlett,(874) 965-0949,rutrum.urna@Proinvelnisl.net
100764,Yvette,Duffy,(308) 291-4931,diam@Sedeu.org
100336,Justine,Ryan,(737) 943-4554,egestas.rhoncus.Proin@utaliquamiaculis.ca
100192,Erin,Merritt,(356) 836-2586,amet.consectetuer@afelis.co.uk
100950,Reece,Delaney,(938) 134-8962,cursus.in.hendrerit@eratvelpede.co.uk
100886,Morgan,Levy,(826) 967-3570,velit.Pellentesque.ultricies@arcueuodio.edu
100133,Chastity,Glenn,(460) 598-4149,cursus@iaculisaliquet.ca
100217,Slade,Lyons,(138) 376-0511,tellus.Phasellus.elit@egestas.com
100494,Noble,Duke,(455) 830-7958,nonummy.ut@vulputate.net
100924,Emery,Salinas,(497) 572-5521,lorem.luctus.ut@hendreritDonec.net
100918,Victoria,Frost,(630) 594-8822,elit@augueporttitorinterdum.edu
100352,Lunea,Arnold,(838) 974-6453,augue.eu@placeratCras.org
100295,Nola,Rogers,(680) 870-9095,sed.facilisis@MaurisnullaInteger.com
100582,Ali,Tanner,(207) 999-2752,est.ac@auctor.net
100458,Rina,Mitchell,(590) 978-0135,ligula@nullaante.com
100183,Kennedy,Downs,(303) 831-2061,sociis@elementumategestas.edu
100781,Armando,Sheppard,(918) 280-5972,elit.Curabitur@orcilacusvestibulum.ca
100538,Hayes,Barrera,(841) 415-5254,amet@pedeetrisus.edu
100019,Jade,Molina,(626) 250-9229,odio@fermentumfermentum.net
100949,Haviva,Byers,(554) 821-1931,orci.in.consequat@quam.com
100050,Garth,Strong,(631) 906-7198,tellus.id.nunc@pulvinararcu.net
100027,Grady,Whitney,(684) 369-8312,id.erat.Etiam@utsemNulla.net
100717,Alec,Kramer,(859) 766-6886,sed.tortor@enimmitempor.ca
100611,Gareth,Silva,(874) 338-8082,aliquam.iaculis@erategetipsum.net
100443,Cain,Holt,(878) 238-5173,odio.Phasellus@atvelit.org
100659,Hunter,Parker,(862) 154-8323,volutpat@dolorDonec.edu
100116,Lacota,Fuller,(153) 393-6044,quam.Curabitur.vel@interdumfeugiatSed.ca
100080,Aretha,Castro,(107) 334-3795,vel.vulputate@enimcondimentumeget.ca
100762,Kyra,Patel,(640) 291-6929,Phasellus.libero.mauris@pharetra.com
100749,Iola,Moon,(315) 241-3915,Etiam.gravida@sodalespurus.co.uk
100910,Marsden,Rollins,(248) 128-7913,fringilla.ornare.placerat@nec.ca
100916,Daquan,Solis,(444) 932-7602,tempor.lorem@estmauris.edu
100479,Xenos,Dunlap,(281) 184-5672,posuere.enim@lobortisrisusIn.net
100230,Veda,Tucker,(120) 970-4165,vel.turpis@Aliquam.org
100726,Meghan,Fulton,(345) 712-4556,cursus@diam.co.uk
100099,Britanni,Crane,(572) 561-2775,nascetur@blanditenimconsequat.co.uk
100591,Stacy,Bridges,(720) 255-1428,consectetuer@vehiculaaliquetlibero.ca
100626,Asher,Haynes,(929) 730-1461,Sed.molestie@orciquislectus.co.uk
100680,Elijah,Robinson,(751) 775-9318,In.at.pede@loremvitaeodio.edu
100189,Jackson,Christian,(481) 871-9788,interdum.ligula.eu@eu.co.uk
100705,Cyrus,Sutton,(913) 881-9450,enim@euneque.net
100333,Cade,Mcdonald,(205) 860-2977,eget@nuncsitamet.edu
100577,Dacey,Rhodes,(791) 774-3242,mollis.Integer.tincidunt@vitae.net
100272,Amena,Griffith,(368) 229-3702,vehicula.et@nonummyipsum.ca
100464,Mikayla,Greene,(722) 722-9734,turpis@velitin.net
100188,Zoe,Harper,(518) 145-8540,et.euismod.et@at.net
100256,Russell,David,(687) 458-8765,nec.tellus@mienim.edu
100113,Bevis,Franco,(166) 472-0245,parturient@adipiscingfringilla.com
100103,TaShya,Todd,(931) 412-1040,Curabitur@consectetueradipiscing.com
100206,Alice,Leonard,(681) 466-2520,ligula.Aenean@sit.edu
100578,Deanna,Walsh,(946) 876-0035,auctor.odio@egetmassaSuspendisse.co.uk
100987,Veda,Blake,(262) 156-2240,sem@afelis.ca
100504,Anjolie,Holden,(652) 278-6190,non.enim.Mauris@natoquepenatibus.edu
100685,Odessa,Dunn,(510) 954-7212,Curabitur@sit.com
100601,Wanda,Giles,(486) 890-4878,arcu.Vestibulum.ut@Maurisnon.com
100572,Neville,Sims,(990) 572-1379,vestibulum.lorem.sit@vestibulumneceuismod.org
100912,Blossom,Haney,(383) 593-2620,tristique.ac.eleifend@Crasvulputate.com
100075,Ann,Neal,(354) 592-6341,aliquet.metus.urna@lobortisauguescelerisque.co.uk
100321,Marah,Marquez,(477) 979-5164,nisi.dictum@dictumultricies.ca
100570,Camden,Hodge,(371) 615-3467,urna.Nunc.quis@lobortistellusjusto.co.uk
100944,Rebekah,Glass,(723) 252-1486,mattis@elitafeugiat.co.uk
100086,Plato,Kim,(879) 815-1101,lobortis.Class@etnuncQuisque.edu
100118,Belle,Dorsey,(919) 384-9974,molestie.arcu.Sed@urnaconvallis.com
100305,Haley,Michael,(558) 126-6626,enim@semmagnanec.org
100250,Virginia,Edwards,(537) 348-8861,Curabitur@dolordolortempus.co.uk
100174,Madonna,Tran,(233) 518-2128,inceptos@luctusutpellentesque.co.uk
100262,Peter,Higgins,(484) 720-6424,ac.turpis@feugiat.com
100068,India,Tanner,(188) 940-0911,elit.erat@loremeumetus.org
100721,George,Villarreal,(812) 987-4966,elit.elit.fermentum@euplacerat.com
100138,Fiona,Callahan,(388) 992-0368,amet@gravida.net
100909,Eleanor,Bowman,(266) 907-6171,elit@dolorvitae.net
100165,Thor,Alvarez,(827) 571-6030,vel.pede@suscipitnonummy.co.uk
100306,Hashim,Rice,(892) 365-0504,erat.Vivamus@suscipit.edu
100634,Abdul,Henson,(728) 288-3293,Vivamus@ac.ca
100456,Gregory,Butler,(264) 847-8542,lacus.Aliquam.rutrum@duisemper.org
100148,Lillian,Hale,(548) 878-1207,orci.adipiscing.non@auctornon.co.uk
100110,Xavier,Kerr,(664) 761-8932,ut.mi@Donecfeugiat.com
100507,Amelia,Mosley,(320) 122-1427,id.ante.dictum@ante.ca
100087,Branden,Watson,(563) 931-4847,nisi.sem.semper@fermentumconvallisligula.net
100341,Donovan,Anthony,(266) 200-6822,Duis@nascetur.edu
100560,Anjolie,Hahn,(105) 892-1386,Sed.nulla@eu.edu
100040,Paul,Ellis,(622) 495-4351,Pellentesque@congueInscelerisque.org
100164,Walter,Rodriquez,(200) 480-0032,orci.lobortis.augue@consectetuer.net
100074,Beau,Price,(291) 832-6971,Ut@montes.edu
100365,Davis,Mcbride,(509) 991-1344,Phasellus.dapibus.quam@blanditcongue.ca
100032,Jeremy,Allison,(491) 257-6399,Sed@Proin.co.uk
100581,Kadeem,Mcclure,(241) 846-4646,non@Aliquamauctorvelit.edu
100864,Zenaida,Mcneil,(821) 680-6500,lectus.quis@magnanecquam.org
100586,Brooke,Diaz,(284) 323-8116,diam@AeneanmassaInteger.ca
100292,Rosalyn,Spencer,(982) 791-3602,ligula@aliquam.co.uk
100955,Laith,Estrada,(374) 381-7608,ipsum.Donec.sollicitudin@viverraDonectempus.com
100201,India,Albert,(496) 608-6947,diam.Sed@Vivamusrhoncus.org
100347,Castor,Todd,(662) 819-7798,porttitor.eros@sodaleseliterat.co.uk
100795,Garth,Estrada,(894) 375-9177,felis.adipiscing.fringilla@metusfacilisis.com
100846,Zachary,Douglas,(961) 761-9326,elementum@IntegerurnaVivamus.org
100542,Chase,Barron,(275) 451-4825,Maecenas.mi.felis@nonummy.net
100028,Lara,Delaney,(611) 409-4911,tortor@cursus.org
100606,Kylee,Sutton,(893) 361-3090,diam@sollicitudinamalesuada.org
100009,Demetria,Knowles,(687) 534-5798,Vestibulum.ante@ultrices.org
100855,Callie,Castaneda,(139) 149-4987,Mauris@aliquamarcuAliquam.ca
100906,Ivor,Parker,(235) 124-1560,semper.erat@enimcommodo.ca
100362,Clio,Stephens,(712) 208-7971,feugiat.metus@musAeneaneget.com
100343,Sydnee,Buckner,(730) 611-8332,sit.amet.faucibus@AeneanmassaInteger.net
100258,Melodie,Drake,(408) 992-6483,Maecenas@Donec.edu
100008,Quail,Gould,(600) 928-3114,nulla@atortor.org
100746,Indira,Gallagher,(700) 871-5466,mus.Aenean@Fuscealiquet.co.uk
100891,Phoebe,Miles,(231) 805-9493,nisi.Aenean@Sedpharetra.co.uk
100158,Kennedy,Rose,(729) 626-5190,Quisque.libero@insodaleselit.co.uk
100546,Brynn,Hardin,(559) 608-3222,eros.non@Aliquamtincidunt.com
100502,Sopoline,Carr,(142) 342-2494,Nam.consequat.dolor@lectussitamet.co.uk
100649,Katell,Willis,(948) 607-1008,tortor@Phasellusliberomauris.com
100024,Chandler,Madden,(101) 984-0441,amet.risus@tristiqueneque.org
100204,Ryder,Schmidt,(478) 265-9751,quam@Pellentesquehabitantmorbi.ca
100979,Indigo,Reilly,(876) 205-7570,montes.nascetur@mauris.net
100320,Kadeem,Hinton,(853) 700-3923,ad.litora.torquent@tellus.ca
100770,Jena,Page,(763) 960-4111,lobortis.mauris@convallis.edu
100605,Isabelle,Simpson,(129) 540-2004,in@dolordapibusgravida.edu
100163,Jared,Church,(626) 568-4754,Mauris.molestie.pharetra@placeratorci.co.uk
100039,Moses,Valencia,(242) 440-4036,ligula.Aenean.euismod@Donec.net
100147,Isaac,Bray,(860) 440-1886,malesuada.fames@sitametornare.ca
100085,Rashad,Cardenas,(392) 143-8094,Mauris.molestie.pharetra@Phasellusdolorelit.com
100974,Armando,Nielsen,(372) 987-4503,elit.Etiam.laoreet@adipiscinglacus.edu
100045,Kylan,Ballard,(517) 947-4305,elementum@dignissimtempor.net
100684,Caleb,Bruce,(195) 412-5015,ut.mi@volutpatNulladignissim.co.uk
100564,Keane,Melton,(186) 200-7362,malesuada.malesuada.Integer@fermentumvelmauris.ca
100890,Lacy,Pace,(844) 171-9428,nulla@et.edu
100193,Daniel,Flores,(563) 799-8390,Duis.cursus@nequevenenatislacus.org
100733,Amela,Wallace,(369) 147-7199,tristique.senectus.et@aptenttacitisociosqu.org
100227,Leo,Aguirre,(648) 597-1399,nec.diam.Duis@egestasDuis.edu
100616,Stephanie,Montoya,(515) 366-0139,bibendum.fermentum@Phaselluslibero.net
100754,Hadassah,Wolfe,(436) 401-5082,metus.Vivamus.euismod@Mauris.edu
100828,Eric,Ellis,(366) 142-2224,risus.Donec@justo.ca
100969,Hyatt,Perry,(465) 968-2576,sed.pede@metusInnec.edu
100412,Barry,Holland,(756) 174-6723,ut.mi@utcursusluctus.edu
100411,Lysandra,Knight,(502) 570-1605,Curae.Donec.tincidunt@eros.edu
100377,Jana,Swanson,(266) 585-6168,scelerisque@magnisdisparturient.net
100033,Owen,Warren,(686) 497-1105,ridiculus.mus.Proin@Etiambibendumfermentum.co.uk
100397,Alexander,Hampton,(736) 868-6767,vulputate.velit.eu@mauris.edu
100720,Tamara,Joyner,(883) 684-2910,risus@tinciduntnibhPhasellus.com
100961,Hayes,Cain,(640) 413-8323,Integer.tincidunt@Sed.co.uk
100778,Nola,Johnson,(985) 689-0100,vitae.orci.Phasellus@tristiquepharetra.com
100409,Jada,Strong,(513) 554-1773,vel@arcu.net
100678,Idola,Brock,(756) 539-0788,mattis.Cras.eget@iaculislacuspede.net
100929,Darryl,Best,(407) 753-5616,mauris.Morbi@Nulladignissim.net
100198,Paula,Combs,(819) 239-7489,vulputate.dui.nec@arcu.org
100324,Briar,Dickerson,(508) 571-2499,semper@molestiearcu.co.uk
100905,Kelsey,Vinson,(359) 549-1978,pede.nonummy@elit.ca
100395,Serena,Holland,(172) 461-9332,Proin.vel@luctusutpellentesque.ca
100366,Brittany,Whitfield,(698) 332-9420,tristique.senectus@rutrum.com
100396,Solomon,Espinoza,(359) 372-2125,sagittis@Nuncsed.co.uk
100639,Deacon,Ferguson,(516) 233-6052,Nam@natoque.ca
100539,Tanya,Clemons,(760) 885-1740,tortor.Nunc.commodo@Nunc.com
100872,Yuli,Simmons,(846) 357-1314,amet@Donectempor.ca
100043,Daquan,Leach,(994) 108-7860,eget.nisi.dictum@euduiCum.org
100623,Hall,Torres,(400) 809-2027,Duis.risus@aliquam.net
100695,Ian,Duffy,(228) 357-5632,nonummy.ultricies@Aliquamfringilla.org
100408,Libby,Ayers,(690) 793-3032,ligula@velpede.co.uk
100471,David,Lawson,(691) 500-4686,neque.sed@mollisDuissit.com
100076,Melissa,Sandoval,(489) 466-7545,Aliquam@penatibusetmagnis.com
100895,Brennan,Glass,(379) 131-6648,Cras.convallis@hendrerit.net
100154,Caldwell,Prince,(604) 276-7761,faucibus.leo.in@Integervitaenibh.com
100512,Galvin,Stevenson,(862) 302-6612,ultricies@auguescelerisquemollis.co.uk
100531,Drew,Benjamin,(458) 930-6670,Mauris@lobortisClass.net
100497,Ezekiel,Chase,(118) 117-2706,In@nulla.edu
100674,Maggie,Stuart,(252) 955-3753,Morbi.sit.amet@vitaevelit.org
100418,Madeson,Lloyd,(429) 705-6725,ac@mauriseu.net
100277,Sharon,Hogan,(878) 442-6193,dictum@loremauctor.co.uk
100884,Colt,Shaw,(564) 679-4558,at@sed.co.uk
100423,Barclay,Dickerson,(547) 119-1333,Suspendisse.dui@quisurnaNunc.org
100449,Kasper,Mcmahon,(129) 445-4735,lacus.Ut.nec@ligulaelitpretium.edu
100540,Amela,Patel,(372) 593-5904,Maecenas.libero.est@bibendum.co.uk
100801,Barry,Merrill,(675) 575-3927,non@dapibusquamquis.ca
100493,Colby,Madden,(868) 956-9173,pede.Cras@purusMaecenas.net
100088,Ruth,Mcneil,(283) 122-8330,purus.ac.tellus@eu.co.uk
100139,Moses,Logan,(121) 115-9593,in.tempus@Fuscealiquam.org
100208,Colt,Bird,(861) 161-3634,mauris.Integer@laoreet.edu
100711,Galvin,Garner,(984) 436-0902,Nulla.dignissim@orciUtsagittis.net
100035,Zorita,Heath,(644) 784-1283,pede.ultrices.a@lacus.ca
100495,Ezra,Donaldson,(966) 790-0719,Cras.lorem@Morbi.co.uk
100389,Olympia,Wade,(850) 924-4419,et.pede@consequat.edu
100264,Buckminster,Charles,(140) 412-7545,Fusce@musDonec.com
100084,Latifah,Jenkins,(994) 499-1673,et.arcu.imperdiet@viverra.org
100017,Miriam,Wiggins,(758) 694-7023,a.malesuada@Praesent.com
100187,Carla,Lucas,(131) 175-2685,lacus.Ut.nec@sagittis.co.uk
100677,Odysseus,Collins,(806) 593-0916,et.rutrum@egetlacusMauris.edu
100902,Kyle,Goodwin,(864) 226-1439,ligula@elitpretium.co.uk
100788,Richard,Riddle,(417) 777-6067,Fusce.diam@amet.org
100310,Griffin,Trujillo,(686) 369-3133,bibendum.sed@ettristique.org
100888,Charissa,Foster,(388) 585-9591,pede@fringillaporttitorvulputate.edu
100519,Jackson,Marshall,(322) 691-7790,erat.Sed.nunc@mi.ca
100505,Azalia,Gillespie,(398) 687-8978,enim.Suspendisse.aliquet@dolorquam.org
100219,Mason,Dickerson,(603) 514-7952,massa.Quisque.porttitor@pretiumet.net
100727,Giselle,Guerrero,(806) 667-5656,quis.arcu.vel@lacusMauris.com
100632,Iliana,Lopez,(155) 789-0193,sagittis.Nullam@elementumategestas.org
100898,Mohammad,Cobb,(193) 802-7708,lacinia.Sed@lacusMauris.co.uk
100946,Xyla,Nunez,(312) 179-6007,Mauris@aliquetvelvulputate.edu
100617,Xerxes,Figueroa,(834) 606-8644,ullamcorper@quam.edu
100998,Kendall,Norman,(627) 747-1713,parturient.montes.nascetur@consectetuer.org
100567,Noelani,Suarez,(364) 682-0019,eu@Nunc.com
100284,Yeo,Chapman,(961) 772-0639,pharetra@quamquisdiam.net
100518,Deacon,Obrien,(170) 181-5084,faucibus@maurisidsapien.ca
100510,Ebony,Sexton,(753) 357-8565,lorem.tristique@Nulla.net
100136,Hanna,Brewer,(212) 326-6019,semper.et.lacinia@est.net
100278,Madeson,Pace,(458) 683-4240,tempus.non@utmi.org
100952,Keegan,Ryan,(196) 581-5337,ac.tellus@iaculisquispede.edu
100402,Quamar,Mcdonald,(956) 862-7560,tristique.pharetra.Quisque@nasceturridiculusmus.co.uk
100803,Barbara,Sosa,(761) 416-0604,massa.rutrum@auctornuncnulla.ca
100354,Jack,Lancaster,(531) 493-6692,Fusce.dolor@scelerisquesedsapien.org
100794,Abigail,Navarro,(335) 476-7270,nisi.nibh.lacinia@Nullamlobortis.edu
100308,Jameson,Key,(692) 865-8969,Phasellus.ornare@musAeneaneget.co.uk
100552,Bruno,Turner,(805) 241-3856,nunc@cursuset.edu
100322,Wing,Hurley,(723) 467-5459,conubia@rhoncusDonecest.co.uk
100350,Fletcher,Trujillo,(576) 447-8476,urna.Nullam.lobortis@enim.org
100610,Eliana,Phillips,(952) 790-8094,arcu.ac@loremauctor.edu
100357,Urielle,Wagner,(529) 101-3243,montes@congueInscelerisque.co.uk
100915,Cameron,Stephens,(109) 557-2899,Suspendisse.non.leo@placerateget.org
100488,Sage,Rojas,(431) 784-4646,magna.Phasellus.dolor@nulla.com
100047,Destiny,Brady,(851) 325-4537,enim@Inmi.edu
100259,Elliott,Sharp,(648) 194-4001,nunc.nulla@aliquetPhasellusfermentum.ca
100660,Hayes,Cummings,(887) 517-6544,mollis.dui@quamquisdiam.co.uk
100580,Ferdinand,Blackwell,(322) 427-6605,dolor.Fusce.mi@Suspendissenonleo.co.uk
100941,Carissa,Patton,(444) 466-4633,ac.tellus@quam.co.uk
100696,Keaton,Owens,(996) 728-8566,augue.id@nonantebibendum.com
100186,Cairo,Mclaughlin,(447) 125-1021,eu@Donectincidunt.ca
100337,Brody,Graves,(499) 725-3455,sed.pede.nec@risusDonec.com
100112,Devin,Jordan,(441) 231-3164,at@leoVivamus.edu
100013,Cruz,Buckley,(522) 991-7284,nibh.Phasellus@Nuncmauriselit.co.uk
100793,Graham,Patrick,(722) 495-8271,In@Phasellusataugue.com
100300,Burke,Johns,(399) 558-6928,aliquam.arcu.Aliquam@diam.com
100436,Brendan,Barrera,(160) 400-9855,Nunc.mauris.elit@massaInteger.edu
100960,Emmanuel,Carlson,(794) 893-4137,vel.pede.blandit@tristiqueac.org
100612,Chase,Carroll,(508) 687-3498,iaculis.nec@pedenec.net
100516,Brynne,Melendez,(721) 534-7685,rhoncus@egetlacusMauris.net
100280,Abdul,Carter,(824) 148-3596,egestas.hendrerit@luctus.com
100255,Simon,Best,(833) 652-6033,ut@tempordiam.edu
100281,Kitra,Marks,(649) 701-2101,odio.Aliquam.vulputate@gravidamaurisut.edu
100856,Nora,Marsh,(589) 223-3800,nisi.dictum@perinceptos.com
100319,MacKenzie,Cantu,(274) 190-8646,faucibus.orci.luctus@lacusNullatincidunt.org
100149,Dahlia,Ray,(261) 215-1051,metus.vitae.velit@sodaleselit.edu
100709,Dana,Petty,(954) 604-5124,Curabitur.vel@Duis.ca
100210,Camille,Vasquez,(923) 835-8561,ut.pellentesque.eget@amalesuada.co.uk
100797,Mary,Kirby,(224) 964-4170,eu@rhoncusDonecest.com
100269,Thor,Whitaker,(429) 218-3236,amet@Donecsollicitudin.org
100326,Ila,Solomon,(372) 670-0890,ut.aliquam@Integersem.ca
100509,John,Tucker,(795) 310-7849,Nulla.semper@etarcu.com
100304,Daphne,Eaton,(757) 790-3223,leo.Cras@vulputatelacusCras.net
100622,Iona,Payne,(786) 207-1424,Curabitur@Nunccommodo.org
100012,Amery,Gray,(925) 950-6064,gravida.Praesent@rhoncus.org
100933,Ramona,Mercado,(789) 633-0579,Curabitur.consequat.lectus@ipsumSuspendisse.ca
100692,Angelica,Workman,(817) 978-6091,vestibulum@eget.com
100029,Ursula,Hendricks,(370) 568-0802,scelerisque.mollis.Phasellus@velitinaliquet.net
100283,Helen,Camacho,(380) 902-3820,adipiscing@inhendreritconsectetuer.edu
100973,Francesca,Kirkland,(198) 868-5333,eu.dolor.egestas@loremfringillaornare.edu
100487,Emery,Gregory,(348) 830-4542,Donec.fringilla@ornareegestas.com
100069,Martena,Mcintyre,(297) 296-1096,nisi.sem@tellusfaucibusleo.ca
100694,Cathleen,Cantu,(375) 731-3327,non.enim.Mauris@miDuisrisus.net
100335,Cailin,Ryan,(248) 794-6589,scelerisque.sed.sapien@variusultrices.edu
100879,Clark,Durham,(988) 853-4807,Sed@Phasellusdapibus.net
100742,Cedric,Ingram,(942) 620-9878,vitae@imperdiet.org
100083,Chloe,Cannon,(400) 897-6181,Suspendisse.aliquet.molestie@consequat.edu
100130,Whitney,Levine,(831) 211-6700,vulputate.lacus@tellusid.com
100048,Ori,Baker,(249) 162-9807,senectus@ridiculus.ca
100253,Mechelle,Rosales,(372) 225-7107,Proin@enimnislelementum.co.uk
100071,Darius,Woodard,(710) 491-1123,libero@maurisid.net
100530,Tiger,Solis,(907) 142-9573,accumsan.interdum.libero@urna.edu
100285,Harrison,Phillips,(862) 148-8750,in.cursus.et@quistristique.edu
100669,Akeem,Marquez,(903) 661-9103,nisl.Nulla.eu@facilisisSuspendissecommodo.com
100427,Lucian,Bell,(979) 742-9189,Suspendisse.non.leo@sapien.co.uk
100646,Selma,Strickland,(950) 956-7131,ipsum.non@diamProin.ca
100904,Lara,Cooper,(881) 731-0347,magna.nec.quam@mitempor.co.uk
100466,Amaya,Brock,(247) 474-5670,pharetra.Quisque@lorem.co.uk
100619,John,Rowland,(620) 681-4371,ante.ipsum.primis@vulputateullamcorper.ca
100021,Clementine,Barrett,(593) 946-8886,ac@egestasblanditNam.com
100501,Irma,Foreman,(449) 403-7595,vel@fringillapurus.com
100026,Marcia,Hogan,(831) 499-4309,convallis.convallis.dolor@Donec.net
100693,Keefe,Buck,(231) 265-1707,porta.elit.a@cursusluctusipsum.co.uk
100869,Desirae,Branch,(541) 254-3562,elementum.sem.vitae@quisurnaNunc.co.uk
100936,Anthony,Pickett,(762) 199-7071,amet.ultricies@Namac.org
100688,Mariko,Becker,(235) 603-1695,Nunc@egetipsumSuspendisse.co.uk
100790,Lareina,Strickland,(252) 294-8758,dapibus.id@luctusaliquetodio.edu
100642,Tashya,Haley,(407) 239-8664,libero.Integer@vehiculaaliquet.com
100205,Abel,Dominguez,(232) 620-0624,Cras.interdum.Nunc@dolor.edu
100704,Rosalyn,Stout,(186) 549-5367,orci@Utsagittis.edu
100175,Axel,Lopez,(613) 870-0525,Vivamus.sit@Donec.net
100483,Beverly,Jenkins,(941) 722-7093,pharetra.sed@asollicitudin.net
100011,Brynne,Winters,(865) 850-5072,nibh.sit@blanditenimconsequat.co.uk
100107,Keane,Hall,(314) 352-6980,pede.nonummy.ut@sitamet.com
100330,Jordan,Rosales,(408) 835-4551,pretium@Nullatempor.edu
100817,Georgia,Turner,(641) 764-0698,non.nisi@lorem.com
100588,Raven,Pearson,(274) 202-6674,Morbi@luctusut.org
100430,Joan,Farrell,(536) 636-0162,ac@justosit.ca
100804,Declan,Clemons,(766) 487-0081,faucibus@nullaanteiaculis.com
100921,Christen,Tyler,(668) 656-3940,amet.orci@Maecenaslibero.org
100406,Urielle,Morin,(548) 881-5467,in.dolor.Fusce@amet.ca
100460,Uriel,Boyle,(553) 879-2596,Nullam@amet.edu
100745,Lucian,Ray,(384) 787-9458,tincidunt.aliquam@Maecenasmalesuadafringilla.net
100713,Dolan,Roberts,(984) 973-2922,nostra.per.inceptos@ante.co.uk
100031,Yardley,Puckett,(528) 604-1837,lobortis.tellus@elitEtiam.org
100598,Erin,Callahan,(239) 351-9016,rhoncus.id@Aenean.net
100311,Gabriel,Garner,(442) 326-0648,turpis@egestashendrerit.com
100615,Clinton,Moran,(994) 384-9029,Integer@congueturpisIn.co.uk
100016,Solomon,Stout,(330) 594-6781,ornare@nec.ca
100796,Virginia,Mcfarland,(290) 618-4336,Nulla@ac.ca
100686,Angelica,Glass,(227) 492-4987,pretium@PhasellusornareFusce.co.uk
100571,Avram,Hendrix,(258) 862-6202,eu.sem@atlibero.net
100082,Latifah,Ryan,(864) 794-8197,magna.Sed@ornarelectusante.edu
100490,Sydnee,Holder,(412) 667-1223,arcu.et.pede@est.net
100703,Thor,Wood,(131) 989-6015,Cum@rutrumeuultrices.co.uk
100687,Angela,Murray,(105) 232-3349,interdum@massanonante.com
100643,MacKensie,Hill,(315) 746-9399,magna@fermentum.co.uk
100724,Caesar,Nichols,(852) 970-3919,ante.Nunc.mauris@Phasellusfermentumconvallis.com
100161,Dakota,Holman,(995) 764-3566,In.ornare.sagittis@eliterat.net
100529,Grant,Lloyd,(930) 892-3341,mollis@placeratCras.net
100526,Jane,Serrano,(162) 847-5230,Donec.tempor.est@blanditNam.net
100739,Shelby,Rose,(647) 294-6564,iaculis.lacus@montes.ca
100151,Elizabeth,Stanton,(450) 977-8249,et.magna@et.net
100901,Oprah,Chang,(547) 716-3325,magna.Cras@Duis.org
100419,Ahmed,Houston,(750) 818-0059,Aenean@Proinsed.com
100967,Travis,Stone,(982) 702-6379,pellentesque@orcitinciduntadipiscing.co.uk
100006,Ariana,Santana,(689) 351-1018,aliquam.arcu.Aliquam@aliquet.org
100889,Camille,Molina,(702) 725-3500,non.quam@semelit.net
100548,Ima,Williamson,(933) 767-4957,nec.imperdiet@Sed.edu
100106,Venus,Church,(181) 579-6599,Aenean@egetlacus.ca
100777,Alma,Mcgowan,(658) 596-5431,sapien.imperdiet.ornare@eu.co.uk
100465,Kevin,Irwin,(779) 264-6904,suscipit.nonummy@non.com
100432,Galvin,Todd,(738) 573-6916,Vestibulum@Seddictum.co.uk
100291,Rogan,Buckner,(998) 299-2946,viverra.Maecenas.iaculis@egestasascelerisque.edu
100731,Baxter,Daugherty,(399) 998-2581,vel.nisl.Quisque@varius.ca
100951,Curran,Reyes,(446) 815-1073,Quisque@sedleo.com
100477,Iona,Montoya,(872) 930-2566,penatibus@vitae.net
100984,Jamalia,Dillard,(555) 941-5910,lorem.ipsum@Aliquamadipiscinglobortis.ca
100830,Rama,Duncan,(294) 435-1495,amet@pharetrafelis.org
100245,Melodie,Mcdaniel,(541) 386-6917,Vivamus.rhoncus@indolor.edu
100975,Yvonne,Solomon,(873) 569-2923,ornare.lectus.ante@posuere.edu
100197,Ross,Sandoval,(999) 527-3086,Quisque.varius@scelerisque.net
100732,Kevyn,Walton,(240) 884-4201,dui.Cras.pellentesque@pulvinar.com
100286,Chantale,Hooper,(651) 431-6223,vitae@arcu.edu
100609,Phyllis,Hunt,(654) 106-5033,Nulla@vestibulumnec.co.uk
100520,Maris,Kaufman,(158) 701-7494,Maecenas@velitQuisquevarius.org
100036,Germane,Walton,(558) 206-4469,Mauris@et.ca
100317,Ariel,Wade,(478) 509-4489,orci@urna.edu
100769,Hyacinth,Graves,(415) 225-8440,tempor.diam.dictum@urnasuscipit.net
100023,Kylee,Kennedy,(508) 584-2118,id.sapien@inmolestie.edu
100602,Stella,Rojas,(384) 694-1809,vitae@idmollis.net
100429,Alea,Mayer,(663) 734-4925,luctus.vulputate.nisi@Cras.co.uk
100690,Sara,Rollins,(232) 332-2399,adipiscing.elit@sitametconsectetuer.edu
100294,Gillian,Williams,(245) 976-9997,vitae.erat.vel@Donecatarcu.com
100288,Emerald,Hopper,(863) 165-6422,non.enim.Mauris@arcueu.net
100714,Daquan,Olson,(235) 460-4212,ipsum.leo@dui.ca
100372,George,Webb,(498) 506-7606,semper@eunullaat.org
100405,Jacob,Bailey,(171) 687-8322,Phasellus.elit@Vivamus.ca
100376,Lydia,Middleton,(938) 444-0585,lobortis.quis.pede@Integerin.edu
100729,Ashton,Nicholson,(874) 330-4060,Nullam.ut@disparturient.ca
100718,Jamal,Mccarthy,(441) 648-1108,sed.leo@utipsumac.org
100090,Regan,Stuart,(168) 904-6027,risus@vitaevelitegestas.edu
100079,Patrick,Estrada,(805) 587-3840,viverra.Donec.tempus@ultriciesligula.edu
100706,Shana,Gonzalez,(273) 764-7024,non@sociisnatoquepenatibus.net
100836,Inga,Jones,(183) 823-4630,lectus.ante@sempercursusInteger.org
100368,Olga,Roberson,(219) 709-1139,ac@Crasconvallisconvallis.co.uk
100524,Myles,Hahn,(936) 317-1240,pede.Cras.vulputate@duiFusce.ca
100109,Norman,Burnett,(589) 561-3624,et.magnis@cursusaenim.org
100925,Ashton,Pena,(394) 672-7529,Donec@Nuncsedorci.com
100301,Kellie,William,(701) 895-6453,est.Nunc@enimdiamvel.edu
100156,Xena,Floyd,(614) 142-0388,lobortis.ultrices@purus.net
100655,Nichole,Sharp,(576) 653-8367,egestas@temporest.co.uk
100551,Edward,Nunez,(190) 306-1389,Nunc.mauris@odioa.ca
100095,Kalia,Fleming,(604) 866-3365,eget@magna.net
100454,Gavin,Terry,(407) 414-9388,lorem.fringilla.ornare@famesac.com
100515,Britanni,Delaney,(837) 188-5992,eu.erat.semper@afelis.com
100926,Emerald,Velazquez,(642) 220-0094,Ut.nec@id.org
100318,Adara,Porter,(932) 123-8360,nec.tempus.mauris@necluctus.org
100593,Keely,Kidd,(323) 501-0886,Aenean.massa@ligulaNullam.org
100569,Victoria,Good,(617) 454-3085,rhoncus.Nullam.velit@ataugue.org
100364,Levi,Cardenas,(155) 996-8467,Aliquam.adipiscing@Integervitaenibh.co.uk
100701,Zephania,Middleton,(875) 957-6503,vitae@diamSed.co.uk
100073,Tashya,Washington,(337) 307-3752,ligula.Aenean@eget.edu
100942,Melyssa,Logan,(753) 806-3527,Proin.mi@acipsumPhasellus.com
100104,Valentine,King,(171) 691-1491,non.cursus.non@odiosemper.co.uk
100908,Hilel,Butler,(529) 491-6132,leo.Vivamus@aliquet.ca
100965,Shad,Snow,(843) 371-9464,egestas.a@elit.net
100014,Richard,George,(171) 822-4096,magna@eros.co.uk
100851,Morgan,Tyson,(675) 816-2904,vulputate.mauris.sagittis@felisorci.ca
100866,Aidan,Mcconnell,(898) 110-4000,urna.et.arcu@eunequepellentesque.edu
100266,Scarlet,Koch,(383) 399-1458,ornare@Aeneansed.com
100996,Emily,Peck,(276) 946-0911,ac@ultricies.co.uk
100992,Alexis,Slater,(851) 524-6151,vitae@felisDonectempor.com
100880,Susan,Cunningham,(930) 513-1775,magna.Ut.tincidunt@habitantmorbitristique.co.uk
100420,Ross,Santiago,(525) 684-8154,nunc.Quisque.ornare@loremvehicula.net
100105,Faith,Gilbert,(225) 576-3873,lobortis.mauris@Sedmolestie.com
100964,Abdul,Taylor,(378) 617-0615,nunc@velarcu.co.uk
100034,Ignacia,Dominguez,(875) 666-9370,felis@pulvinar.edu
100710,Natalie,Joseph,(119) 884-4256,dolor@dictumProin.edu
100782,Joshua,Diaz,(932) 596-4613,dis.parturient.montes@tristiquealiquetPhasellus.co.uk
100700,Quynn,Parks,(993) 719-4339,a.enim@Mauris.ca
100871,Nelle,Casey,(383) 503-9145,vehicula.risus.Nulla@Maecenas.edu
100595,Belle,Gibson,(955) 658-9065,Morbi.metus@Aeneangravidanunc.org
100735,Arthur,Bradford,(762) 856-4043,tincidunt@Phasellusataugue.com
100064,Lila,Walls,(517) 363-7082,ligula.consectetuer.rhoncus@etmagnisdis.co.uk
100922,Dara,Lott,(625) 628-4122,diam.dictum.sapien@pellentesque.net
100399,Marsden,Freeman,(602) 513-0857,eget@pede.co.uk
100547,Eve,Flynn,(177) 479-1253,feugiat.tellus.lorem@egestas.net
100052,Brennan,Greer,(491) 410-0461,Curabitur.ut@nonummy.org
100878,Joseph,Crane,(737) 542-3878,sociis.natoque@sed.org
100451,Oleg,Warner,(498) 474-5855,tempor.bibendum.Donec@sollicitudin.net
100631,Vaughan,Hays,(736) 744-6488,tincidunt.tempus@Vivamusmolestie.ca
100356,Samantha,Stafford,(916) 901-4172,Mauris.vestibulum.neque@magna.com
100842,Ingrid,Blanchard,(140) 778-6063,eu.augue@ullamcorperDuis.org
100207,Heidi,Brewer,(438) 717-6749,lacus.pede@magnis.com
100445,Stewart,Morgan,(967) 578-3291,et.risus@arcuAliquamultrices.com
100575,Aidan,Ferrell,(383) 150-0794,ornare@vellectus.co.uk
100302,Chaney,Hansen,(538) 612-8903,ac.metus@Sednuncest.org
100747,Desiree,Norman,(838) 815-5361,ligula@utsem.edu
100596,Madaline,Mcclain,(818) 820-2610,adipiscing@eratneque.com
100827,Elizabeth,Mcguire,(864) 670-9118,eget.mollis.lectus@gravidanon.org
100234,Melinda,Burt,(202) 563-6928,consectetuer@tristiquesenectuset.ca
100142,Patricia,White,(396) 905-3647,montes@Curae.org
100716,Kevin,Wallace,(871) 981-6515,Vivamus.non@eratvolutpatNulla.co.uk
100549,Gary,Waller,(950) 375-8452,a.dui@imperdiet.ca
100876,Alec,Park,(364) 201-5129,sit.amet@nonquamPellentesque.co.uk
100349,Nayda,Rogers,(395) 546-0718,cursus@luctusfelispurus.ca
100834,Macy,Serrano,(583) 368-1247,posuere@aliquet.co.uk
100267,Evangeline,Mcgee,(391) 714-8505,nunc@pedeultrices.com
100316,Ariana,Cannon,(938) 416-6808,enim.consequat@pharetrased.co.uk
100845,Cara,Holder,(507) 720-3875,per.inceptos@massaQuisque.edu
100221,Zoe,Zimmerman,(261) 823-0530,massa.Quisque@sem.com
100346,John,Donaldson,(159) 789-6489,sed@velitCraslorem.net
100698,Driscoll,Fry,(911) 288-1933,arcu@molestieintempus.com
100776,Nola,Robertson,(648) 847-3929,gravida.sit@tellusfaucibusleo.co.uk
100806,Emi,Jordan,(652) 879-9896,vulputate@imperdietdictummagna.edu
100005,Britanney,Gross,(460) 299-7686,euismod.et@dignissimtemporarcu.co.uk
100630,Joelle,Witt,(536) 723-4088,viverra@odioPhasellusat.co.uk
100934,Maryam,Pratt,(759) 457-8144,a@lacuspede.org
100055,Joan,Callahan,(617) 527-1800,interdum@euaugueporttitor.edu
100417,Jameson,Boone,(632) 865-1859,ipsum.Phasellus.vitae@imperdiet.net
100339,Desirae,Snyder,(289) 849-7474,Aliquam.rutrum.lorem@pede.org
100789,Aurora,Marshall,(294) 950-3762,tellus.justo@orci.com
100667,Helen,Wallace,(219) 618-3839,nec.quam@arcu.org
100492,Fredericka,Cantu,(836) 175-0217,molestie.arcu.Sed@pharetra.com
100982,Austin,Hoover,(193) 845-2708,eget.venenatis.a@urnaUttincidunt.net
100290,Carson,Velez,(675) 967-2419,dignissim@etmalesuadafames.net
100403,Marvin,Fulton,(559) 620-6120,et.magnis.dis@Vestibulumaccumsanneque.com
100100,Deanna,Glass,(222) 141-2992,Donec.fringilla.Donec@magnaseddui.ca
100988,Virginia,Lynn,(741) 581-3600,tellus.faucibus@Nulla.ca
100220,Berk,Cameron,(897) 891-3462,purus.ac@quis.net
100772,Ima,Arnold,(940) 422-2521,Nam@risusquisdiam.ca
100127,Bradley,Hutchinson,(549) 151-5607,mus@Integereulacus.ca
100049,Yardley,Stanton,(321) 688-5619,Nam.interdum.enim@nullaDonec.com
100299,Winter,Norton,(985) 742-5494,lacinia.orci.consectetuer@milorem.net
100131,Kasper,Whitley,(812) 488-5437,bibendum@Nuncmauriselit.ca
100756,Emerson,Maddox,(378) 702-4869,non.cursus.non@nostraperinceptos.co.uk
100894,Nyssa,Bruce,(991) 654-9727,elit.dictum.eu@egetmagna.com
100271,Jonas,Holland,(378) 607-7065,cursus.purus@maurisut.edu
100556,Hiroko,Rogers,(351) 770-4930,dictum.cursus@egestasurna.edu
100340,Dylan,Wolfe,(161) 230-4851,Vivamus.rhoncus@nuncIn.net
100618,Jolie,Blake,(113) 566-7588,ultrices@egetmetuseu.edu
100671,Mia,Martin,(546) 833-3245,mus.Proin.vel@vehiculaPellentesque.net
100353,Fletcher,Mejia,(839) 582-1134,dictum.cursus.Nunc@nec.ca
100917,Timothy,Dickerson,(577) 542-3368,Donec@Phasellus.com
100763,Ria,Pitts,(991) 303-7422,eget.metus@arcuimperdiet.co.uk
100289,Judah,Atkinson,(629) 693-2374,dolor.elit.pellentesque@lacuspede.ca
100945,Kareem,Leach,(237) 523-7630,lorem.vitae@sapienmolestie.edu
100753,Lavinia,Cherry,(108) 841-3406,eget.dictum@neque.net
100873,Odessa,Daniel,(944) 273-5491,Donec.nibh.Quisque@natoque.org
100177,Talon,Armstrong,(671) 281-6992,et@facilisiSedneque.org
100191,Salvador,Marks,(526) 974-6377,lobortis.quis.pede@feugiatSednec.ca
100679,Emerald,Hampton,(400) 529-1675,sem.ut@maurisaliquam.com
100243,Scarlett,Bender,(698) 975-7622,mi.lorem@lobortisnisi.ca
100059,Evangeline,Henderson,(447) 472-0987,quis.urna@enim.ca
100303,Patience,Rojas,(673) 889-4171,Aliquam.erat.volutpat@antedictum.edu
100020,Hiram,Summers,(543) 698-7136,pellentesque.eget@dolor.com
100875,Adele,Monroe,(862) 894-5348,Donec.elementum@justofaucibuslectus.ca
100382,Basil,Ball,(865) 609-0574,morbi@liberoDonecconsectetuer.net
100932,Wesley,Harrell,(940) 265-1928,et@vulputaterisusa.org
100211,Lester,Cooke,(869) 858-1433,Sed.neque@consectetuerrhoncus.co.uk
100574,Graiden,Mclean,(429) 235-0217,Sed.congue@Morbi.edu
100838,Amena,Vang,(596) 595-8950,Morbi@adipiscingnon.edu
100463,Hayes,Horn,(350) 428-4877,Nullam@dolorsitamet.net
100862,Beau,Hawkins,(745) 785-5519,luctus.et.ultrices@magnaDuis.org
100152,Leah,Marshall,(921) 526-8182,erat@vitaedolor.net
100457,Randall,Bradley,(941) 235-9333,quis.arcu@dictumeleifendnunc.co.uk
100840,Cruz,Boone,(260) 591-6737,mi.felis.adipiscing@sodalesat.co.uk
100447,Paloma,Benjamin,(605) 209-4369,lacus@duiCraspellentesque.edu
100740,Mona,Chapman,(645) 599-3095,lorem.eu@semperauctor.edu
100401,Kai,Woods,(507) 171-2426,mauris@ipsumdolor.ca
100162,Jackson,Bass,(828) 582-2395,ut@Utsemper.edu
100822,Cedric,Frederick,(877) 103-9375,nisl@amet.org
100877,Eve,Rivera,(530) 498-5934,purus@amet.org
100775,Quamar,Lang,(270) 425-9859,non@ametfaucibus.net
100558,Tanner,Jefferson,(244) 262-3564,taciti.sociosqu.ad@afacilisisnon.com
100562,Carissa,Mueller,(632) 213-0864,Sed.nulla.ante@dolor.ca
100614,Chava,Davenport,(621) 179-6376,dictum.augue.malesuada@erat.com
100348,Finn,Chang,(906) 343-8637,Etiam.bibendum.fermentum@lectusa.edu
100025,Martin,Rosario,(751) 608-9887,vel@scelerisque.edu
100741,Quintessa,Newman,(833) 244-9794,libero@molestiesodales.co.uk
100931,Trevor,Golden,(106) 817-8614,nec@Donecporttitor.com
100647,Driscoll,Tucker,(695) 134-6583,lectus.Cum.sociis@dictummagna.net
100907,Aaron,Kidd,(635) 921-3843,Nullam.suscipit.est@condimentumeget.edu
100651,Akeem,Stephens,(191) 987-9381,Suspendisse@purussapien.edu
100067,Charlotte,Buckner,(375) 223-3731,facilisis.vitae@vulputate.co.uk
100837,Magee,Velazquez,(349) 551-3231,orci@Aenean.org
100461,Kalia,Chaney,(588) 245-5348,ligula.Aenean@maurissapiencursus.co.uk
100715,Fuller,Paul,(461) 832-4880,feugiat.metus.sit@Loremipsumdolor.org
100752,Dakota,Bishop,(623) 983-2291,accumsan@tristiquepellentesque.co.uk
100470,Whilemina,Weber,(168) 594-9455,rutrum.Fusce@ipsumprimisin.edu
100624,Jessica,Jordan,(551) 174-8021,Nulla@Phasellusfermentumconvallis.net
100847,Grace,Richardson,(383) 234-6939,Vestibulum.ut.eros@nonenim.com
100654,Henry,Battle,(371) 702-4730,id@ac.co.uk
100644,Abel,Lamb,(738) 180-0393,litora.torquent@dolor.com
100963,Maile,Chen,(550) 348-1656,a.nunc@lobortisauguescelerisque.ca
100787,Cameron,Harris,(853) 198-1729,feugiat.nec.diam@elitpretium.com
100589,Lydia,Parsons,(436) 426-3522,erat.neque.non@liberoet.ca
100141,Dacey,Nash,(163) 110-9226,accumsan.laoreet.ipsum@eratin.co.uk
100428,Jessica,Tucker,(780) 830-6787,vulputate.dui.nec@ullamcorperDuiscursus.org
100037,Maia,Cherry,(400) 123-7816,luctus.felis@rutrummagna.co.uk
100170,Emmanuel,Park,(336) 921-5793,eget.ipsum.Donec@Praesentluctus.edu
100757,Cassidy,Aguirre,(466) 519-8179,arcu@loremipsum.org
100228,Florence,Serrano,(166) 760-2295,sed@Maurisut.ca
100545,Hadassah,Holland,(666) 747-5857,Vestibulum.accumsan.neque@aclibero.edu
100885,Astra,Bentley,(934) 718-0762,sem@bibendumfermentummetus.org
100111,Cole,Conner,(816) 980-7496,aliquam@egestas.ca
100767,Melodie,Carr,(314) 352-1416,vestibulum@molestietellusAenean.org
100557,Wing,Aguilar,(426) 774-0687,ultrices.sit@necante.com
100438,Mechelle,English,(961) 608-8738,malesuada.fames@massarutrummagna.co.uk
100060,Seth,Conrad,(230) 943-8061,tristique.aliquet.Phasellus@Aenean.co.uk
100559,Kerry,Cobb,(281) 117-1078,vulputate.lacus.Cras@arcu.org
100937,Emma,Marshall,(484) 964-9963,cursus.Nunc@amet.org
100386,Skyler,Levy,(384) 848-1002,augue.id.ante@risus.net
100374,Tanisha,Brewer,(548) 249-8893,Etiam.vestibulum@eu.org
100478,Kylee,Perry,(569) 226-6261,eu.enim.Etiam@mauris.net
100400,Grace,Sellers,(117) 690-9603,Phasellus@dictum.com
100785,Zahir,Clarke,(502) 337-0726,dolor.Fusce.feugiat@erat.net
100065,Kathleen,Vinson,(871) 377-7206,lorem.eu.metus@nonmassanon.com
100134,Lucian,Figueroa,(947) 893-8814,fringilla@neque.ca
100930,Tyler,Wolf,(984) 432-8070,arcu.Nunc@lobortis.edu
100658,Brennan,Terrell,(952) 827-7047,sed@Suspendissealiquetsem.org
100248,Hilel,Tate,(989) 944-4696,iaculis.aliquet@atlacus.edu
100001,Barrett,Ferguson,(275) 452-3839,aliquet.diam.Sed@lobortis.com
100108,Adria,Trujillo,(253) 352-2015,enim@interdumlibero.net
100385,Bethany,Bonner,(127) 729-3558,interdum@In.net
100265,Miranda,Cruz,(267) 545-3258,facilisis.non@tinciduntvehicularisus.com
100522,Leo,Hill,(836) 784-9524,lacinia.mattis@magnaaneque.net
100238,Clarke,Wilkins,(293) 993-3281,at.pede.Cras@duisemperet.ca
100883,Denton,Weeks,(664) 272-9185,id.nunc.interdum@nequeInornare.com
100635,Cora,Wilcox,(400) 430-9279,sit@molestieorci.org
100861,Joel,Fuentes,(506) 267-3289,euismod@utmi.com
100101,Leigh,Blanchard,(376) 831-4712,dui.Fusce.aliquam@quamdignissimpharetra.edu
100119,Brendan,Bradford,(963) 746-9086,egestas.Aliquam@bibendumullamcorperDuis.ca
100868,Shoshana,Rich,(347) 641-7224,magna.Suspendisse@Namconsequatdolor.net
100839,Trevor,Romero,(468) 318-3545,Fusce.diam.nunc@molestieorci.edu
100823,Lois,Valenzuela,(331) 614-5314,libero@purussapiengravida.co.uk
100534,Brian,Hunter,(164) 759-8215,nonummy.ut@nibhlacinia.com
100590,Hermione,Davidson,(981) 897-1868,a.sollicitudin.orci@sitamet.org
100592,Beau,Bonner,(621) 708-0566,aliquet.diam.Sed@sitametfaucibus.ca
100345,Slade,Jennings,(478) 518-3250,eleifend@magnamalesuada.com
100089,Kay,Bright,(927) 383-6039,In.at.pede@nisl.com
100599,Chandler,Bowers,(639) 282-8072,augue.ut.lacus@NullafacilisisSuspendisse.org
100865,Jocelyn,Coffey,(509) 426-6797,lacus.pede.sagittis@Aliquamfringilla.org
100848,Kaitlin,Cash,(707) 383-6634,elit.erat.vitae@Ut.net
100565,Austin,Fletcher,(681) 542-6839,velit.dui.semper@dictumProineget.org
100725,Camden,Mason,(235) 791-7360,auctor.vitae.aliquet@tellus.net
100056,Christine,Sargent,(703) 553-6067,accumsan.laoreet@lacus.org
100841,Amal,Gaines,(448) 502-5482,elementum@idnunc.co.uk
100369,Amela,Castaneda,(384) 550-2804,litora.torquent@liberoduinec.co.uk
100476,Kenneth,Burks,(376) 653-0356,ultrices.Vivamus@enim.com
100173,Vanna,Schneider,(609) 332-7555,laoreet.ipsum.Curabitur@sagittisNullam.net
100093,Christopher,Marshall,(519) 191-4083,placerat.augue.Sed@orciconsectetuer.co.uk
100666,Katell,Rollins,(669) 445-3092,lacinia@ProinultricesDuis.com
100771,Justin,Wilder,(303) 149-4383,pellentesque.Sed.dictum@cursusin.edu
100968,Quin,Eaton,(595) 344-8097,dui@ante.co.uk
100673,Clayton,Horn,(543) 848-4714,non@sitamet.org
100773,Stella,Gibbs,(278) 796-7425,erat.Etiam.vestibulum@metussitamet.net
100415,Jamalia,Baldwin,(238) 507-3406,varius.ultrices@enim.net
100328,Raymond,Howard,(984) 780-2741,vel@arcu.co.uk
100018,Edan,Frazier,(747) 941-7086,ac.ipsum@inmagnaPhasellus.net
100792,Clinton,Gillespie,(656) 896-1077,Quisque.nonummy@anuncIn.edu
100367,Elliott,Russell,(464) 735-1052,magna.Lorem@imperdietullamcorper.net
100491,Hashim,Lawson,(367) 296-8692,arcu.Vestibulum.ante@amet.ca
100275,Katelyn,Nunez,(453) 271-9724,ultricies.ornare.elit@loremtristique.org
100662,Igor,Oneil,(457) 836-4106,arcu.et.pede@scelerisquenequesed.co.uk
100132,Whitney,Walters,(792) 894-5674,Fusce@posuerevulputate.org
100431,Zena,Pace,(283) 830-8585,Integer.vitae.nibh@risusDonecnibh.ca
100843,Sean,Clark,(909) 588-4462,mi@Aliquam.co.uk
100257,Amal,Alvarez,(408) 793-2931,dis.parturient@iaculisquis.net
100171,Maile,Henson,(970) 922-0670,ullamcorper.Duis.at@velit.edu
100761,Eden,Snow,(511) 758-3083,ante.ipsum.primis@risus.com
100472,Deacon,Patterson,(448) 489-1232,quis.accumsan.convallis@ipsumPhasellus.net
100990,Mallory,Gaines,(215) 281-4033,Fusce.diam.nunc@acorciUt.net
100947,Joel,Singleton,(124) 590-6415,ante.iaculis.nec@aliquam.org
100768,Raphael,Day,(937) 102-1619,erat.in@venenatis.edu
100892,Warren,Cunningham,(425) 802-9540,eu.eros@atpedeCras.edu
100860,Nolan,Sears,(519) 586-0126,vestibulum@etrutrumeu.co.uk
100816,Dora,Sellers,(436) 791-5933,ac@diam.ca
100168,Isadora,Bowers,(271) 260-1458,auctor.ullamcorper@Uttincidunt.ca
100435,Lawrence,Beasley,(358) 376-9085,elit.Aliquam@tincidunt.co.uk
100550,Dalton,Elliott,(292) 890-5772,purus.in@commodoat.com
100002,Candice,Carter,(110) 390-4072,elit@interdum.ca
100881,Destiny,Hernandez,(876) 951-4315,neque.In@Aliquameratvolutpat.com
100098,Mohammad,Cook,(379) 397-2128,ipsum.cursus@nibhPhasellusnulla.edu
100440,Orson,Herring,(122) 616-3487,Praesent.interdum.ligula@risusvarius.edu
100728,Carter,Robinson,(751) 869-7331,ligula@dolortempus.org
100342,Pearl,Gonzales,(877) 170-2741,quis@porttitortellusnon.edu
100672,Colt,Carroll,(716) 712-1480,viverra@libero.co.uk
100123,Oprah,Hyde,(655) 481-9053,eros.non@atlacusQuisque.ca
100482,Hunter,Everett,(793) 693-4157,porta.elit@Vivamussitamet.com
100437,Britanney,Williamson,(243) 155-1323,at.velit.Cras@auctorvitaealiquet.net
100092,Mercedes,Newman,(391) 954-6379,amet@luctus.org
100750,Hashim,Cherry,(219) 396-1592,a@velquam.ca
100233,Jeanette,Cabrera,(297) 681-6421,magna.Suspendisse.tristique@felisorciadipiscing.com
100081,Chloe,Vega,(888) 820-3725,nec.tempus@Integer.com
100959,Raven,Holder,(264) 539-5226,ut.erat.Sed@Cras.edu
100274,Jaime,Hansen,(413) 232-3382,metus.eu.erat@mattisInteger.net
100665,Brenna,Duran,(552) 401-9832,hendrerit@metus.net
100388,Maisie,Webb,(575) 339-2420,dignissim.lacus.Aliquam@justosit.com
100167,Martina,Sosa,(455) 502-2346,placerat.augue@adipiscingMauris.edu
100384,Beau,Potts,(946) 120-2886,consequat.dolor@tellus.co.uk
100370,Fulton,Small,(625) 529-2253,enim.diam@egestaslacinia.ca
100398,Nathaniel,Jackson,(699) 522-5719,quis@Phasellusin.ca
100209,Emily,Pratt,(279) 866-2773,turpis.Nulla.aliquet@dolor.ca
100387,Darryl,Kane,(346) 151-8998,commodo.at@acturpisegestas.co.uk
100462,Lacey,Alvarez,(794) 976-1299,purus.sapien.gravida@Phasellus.edu
100900,Jonas,Moses,(724) 857-5803,dui.in.sodales@dictumultricies.edu
100030,Dominique,Cox,(338) 440-7670,feugiat.non.lobortis@nullaIntegerurna.org
100178,Lesley,Mccarthy,(366) 464-7416,In@neque.net
100313,Shelly,Hays,(365) 186-3444,velit.Cras@ultricesVivamusrhoncus.org
100360,Britanni,Kirkland,(535) 378-7260,Mauris.nulla.Integer@nonsapien.ca
100160,Len,Sullivan,(903) 260-8057,orci.Phasellus.dapibus@mollisduiin.net
100484,Robert,Randall,(709) 633-9909,Morbi.neque.tellus@accumsansedfacilisis.com
100527,Victor,Rasmussen,(989) 602-7098,Suspendisse.aliquet.sem@purus.org
100166,Acton,Pacheco,(999) 581-9016,amet@metuseuerat.edu
100270,Laurel,Osborne,(632) 519-0564,neque.Nullam@Vestibulumaccumsan.co.uk
100140,Flynn,Battle,(772) 435-1040,purus.accumsan.interdum@acmattis.org
100976,Keaton,Holder,(880) 100-2343,adipiscing.lacus.Ut@Proindolor.org
100738,Ignatius,Villarreal,(225) 182-9971,Vestibulum.ante@QuisquevariusNam.ca
100195,Julian,Velasquez,(832) 402-2436,euismod.est@tortorIntegeraliquam.co.uk
100977,Fiona,Summers,(804) 543-9788,placerat.eget.venenatis@leo.org
100981,Keiko,Lynn,(465) 940-8274,justo@sedorci.ca
100621,Griffith,Larson,(280) 216-6967,amet.consectetuer@afelis.edu
100832,Nolan,Brady,(945) 267-7496,nascetur@Donecegestas.org
100010,Mallory,Tate,(173) 511-0878,luctus.lobortis@in.edu
100222,Willow,Paul,(984) 750-3099,justo@cursusNunc.co.uk
100920,Ulla,Farrell,(140) 487-6716,aliquet@dapibus.co.uk
100697,Raya,Murphy,(339) 548-8984,ut.ipsum@consequatdolorvitae.co.uk
100124,Jonah,Schroeder,(978) 350-4252,massa.lobortis@nibh.edu
100914,Timon,Bradshaw,(555) 659-4338,dictum@ametmetus.org
100242,Evangeline,Camacho,(508) 665-3568,et.rutrum@montes.net
100199,Hashim,Page,(199) 693-2959,facilisis.vitae@In.co.uk
100600,Fuller,Cleveland,(121) 826-4394,semper.egestas.urna@sollicitudinadipiscingligula.co.uk
100748,Aaron,Fleming,(679) 507-7917,consequat.lectus.sit@lacus.net
100361,Cally,Witt,(386) 955-6612,Sed.eget@maurisblandit.com
100807,Alan,Kramer,(126) 512-1160,rutrum.Fusce.dolor@etmalesuada.co.uk
100887,Piper,Hamilton,(318) 534-0243,pede.sagittis@semPellentesqueut.net
100826,Adele,Davenport,(122) 565-7511,cursus.a@massa.org
100989,Theodore,Key,(583) 740-4922,Maecenas.iaculis.aliquet@velvulputate.com
100485,Nathaniel,Carr,(773) 128-7436,vehicula.Pellentesque.tincidunt@vulputateeu.org
100948,Nita,Weiss,(181) 324-7324,dictum.eleifend@ac.org
100414,Gary,Macias,(266) 723-0248,dictum.augue.malesuada@Sedcongue.co.uk
100176,Irene,Bruce,(529) 568-9729,mattis.semper@Quisqueliberolacus.com
100293,Palmer,Oneil,(518) 625-7281,purus.Maecenas@nequeetnunc.ca
100144,Sawyer,Gilmore,(490) 590-5180,congue.elit.sed@molestiearcu.com
100939,Roary,Travis,(372) 771-1069,euismod.urna.Nullam@venenatisvelfaucibus.co.uk
100819,Mariko,Rhodes,(294) 571-3555,sem.eget.massa@ac.org
100180,Shad,Prince,(634) 536-7834,Vivamus.sit@Vivamusnisi.net
100145,Riley,Daniel,(677) 710-9558,mi@auguemalesuadamalesuada.com
100808,Kaye,Morris,(206) 904-3502,risus.odio.auctor@magnamalesuada.ca
100850,Colin,Cooley,(131) 606-9449,dolor.elit.pellentesque@urnajusto.net
100629,Hammett,Marsh,(854) 507-6250,augue@mollisnoncursus.net
100041,Ezra,Beard,(542) 719-6207,mattis.semper@dictummagnaUt.co.uk
100237,Karleigh,Evans,(334) 881-2716,velit.eu@Fuscealiquetmagna.co.uk
100568,Bruce,Kelly,(520) 542-7084,mus.Aenean.eget@elementumpurus.org
100247,Kirk,Casey,(715) 243-6066,urna@aodiosemper.net
100966,Cairo,Greer,(522) 810-2370,ornare@ultriciesdignissim.org
100812,Ursula,Goodwin,(783) 559-2307,elementum@Phasellusvitae.co.uk
100943,Cairo,Garcia,(868) 208-9983,convallis@sodalesnisi.co.uk
100410,Patrick,Lynn,(901) 316-2700,Aenean.massa.Integer@tinciduntduiaugue.net
100517,Lionel,Mcmillan,(702) 219-1329,sed@Curae.net
100500,Ishmael,Farrell,(720) 379-2280,ligula.eu@at.edu
100668,Jolie,Mitchell,(614) 266-8159,tellus.justo.sit@erat.com
100007,Althea,Bender,(674) 935-3391,Mauris@volutpatNulla.org
100978,Chester,Moran,(869) 126-1108,mi.ac@elit.net
100439,Gemma,Palmer,(533) 521-9177,Nulla.facilisi@Aliquam.com
100653,Hasad,Nelson,(129) 256-3056,elit@mi.com
100004,Austin,Casey,(271) 494-3305,sed.est.Nunc@purus.co.uk
100814,Reagan,Castro,(926) 579-8484,diam@parturientmontesnascetur.co.uk
100434,Susan,Schultz,(340) 267-5619,eget.laoreet@ullamcorperDuis.edu
100722,Tucker,Cook,(569) 299-6975,interdum.Nunc.sollicitudin@pellentesqueeget.co.uk
100115,Ivan,Buck,(259) 845-8627,semper.tellus.id@cursusInteger.org
100383,Sade,Edwards,(824) 793-0875,non.lobortis@Nuncmauris.ca
100181,Harlan,Graham,(181) 355-1656,lectus@vitaeorciPhasellus.edu
100536,Rhiannon,Blanchard,(276) 216-9597,Aliquam@massa.ca
100261,Sonya,Wilkins,(274) 518-3148,eget.metus@enimMauris.net
100661,Odessa,Rocha,(419) 960-9762,ligula.eu@quam.edu
100433,Scarlett,Richards,(103) 516-7788,vitae.sodales@lectusconvallisest.org
100730,Vaughan,Griffin,(728) 819-7918,Curabitur.dictum@arcueu.co.uk
100450,Reuben,Fernandez,(853) 179-8835,erat.semper.rutrum@malesuada.org
100971,Shelley,Espinoza,(810) 911-1465,egestas@temporbibendum.org
100200,Kennedy,Norman,(763) 272-4353,ligula@Nulla.co.uk
100146,Hilda,Berg,(887) 143-2666,Sed@Vestibulum.co.uk
100263,Helen,Guzman,(986) 399-5404,fermentum.risus.at@dictum.net
100833,Ariana,Bailey,(112) 514-6230,Nullam.suscipit@Pellentesquehabitant.org
100212,Alfonso,Molina,(666) 923-3205,Sed.molestie.Sed@noncursusnon.net
100054,Kameko,Black,(498) 845-2428,pharetra.felis.eget@Donecelementum.co.uk
100835,Tanner,Bell,(319) 607-7368,mollis.vitae.posuere@lacusUt.co.uk
100097,Baxter,Parrish,(127) 533-9956,amet.ornare.lectus@urna.edu
100244,Maile,Richmond,(370) 174-4754,tellus@auctornuncnulla.org
100800,Raja,Blanchard,(975) 679-8846,feugiat.Sed.nec@mattisornare.org
100760,Joan,Cobb,(258) 821-4475,Vivamus.sit@dolor.com
100511,Louis,Nolan,(585) 427-5980,lorem.sit.amet@vehiculaaliquetlibero.co.uk
100563,Channing,Alvarado,(731) 302-2089,Nunc.pulvinar@nisl.ca
